ID1,Herbarium,Accession,Genus,Species,Phenology,Imaged,Day,Month,Year,DOY,Country,State_Province,County,Elevation_m,Latitude,Longitude,Tave01,Tave02,Tave03,Tave04,Tave05,Tave06,Tave07,Tave08,Tave09,Tave10,Tave11,Tave12,Mean_Tave01,Mean_Tave02,Mean_Tave03,Mean_Tave04,Mean_Tave05,Mean_Tave06,Mean_Tave07,Mean_Tave08,Mean_Tave09,Mean_Tave10,Mean_Tave11,Mean_Tave12,PPT01,PPT02,PPT03,PPT04,PPT05,PPT06,PPT07,PPT08,PPT09,PPT10,PPT11,PPT12,Mean_PPT01,Mean_PPT02,Mean_PPT03,Mean_PPT04,Mean_PPT05,Mean_PPT06,Mean_PPT07,Mean_PPT08,Mean_PPT09,Mean_PPT10,Mean_PPT11,Mean_PPT12,Mean_spring_T,Historic_spring_T,Total_spring_p,Historic_spring_p,Spring_temp_anomaly
1323,UBC,V116296,Asarum,caudatum,Flowers,N,22,6,1965,173,Canada,British_Columbia,NA,622,51.038827,-118,-5.3,-4,-1.8,6.8,9.8,14.6,19.1,18,9.4,6.2,-1.1,-5.1,-6.8,-3.1,1,5.9,10.9,14.8,17.3,16.7,11.7,5.3,-1.2,-5.9,154,100,15,15,31,39,34,73,52,86,89,209,122,77,55,36,48,55,56,54,55,80,104,135,4.933333333,5.933333333,61,139,-1
1231,ID,56775,Asarum,caudatum,Flowers,Y,29,5,1963,149,U.S.A.,Idaho,Idaho,1189,46.5048,-114.859,-11,-0.6,0.7,3.4,9.2,12.7,15.8,16.9,14.2,8,1.1,-5.6,-5.2,-2.3,0,4.2,8.6,13.3,17.1,16.5,11.5,5.7,-0.5,-4.3,104,122,82,51,58,146,27,10,46,72,88,102,146,93,89,80,84,76,34,41,57,71,114,130,4.433333333,4.266666667,191,253,0.166666667
1236,ID,129043,Asarum,caudatum,Flowers,Y,17,6,2003,168,U.S.A.,Idaho,Clearwater,700,46.839183,-114.950867,1.1,0.8,4.3,7.3,11.5,17.3,22.6,20.7,16.3,10.5,-0.9,-0.3,-2.9,0.3,3,7.1,11.7,16.4,19.6,18.6,14.3,8.1,2,-2.3,99,35,63,72,69,17,5,14,16,27,68,127,77,30,41,73,71,37,16,25,24,35,59,109,7.7,7.266666667,204,185,0.433333333
1237,ID,142479,Asarum,caudatum,Flowers,Y,9,7,2005,190,U.S.A.,Idaho,Clearwater,1079,46.839444,-115.104167,-4.7,-1.2,2,4.5,9.3,11.6,18.1,17.3,11.9,7.4,-0.6,-5.8,-5.1,-2.4,-0.1,4.2,8.7,13.2,17,16.4,11.6,6,-0.2,-4.1,85,30,124,133,97,97,6,6,68,105,146,180,173,109,115,91,90,71,35,41,55,76,135,173,5.266666667,4.266666667,354,296,1
1235,WTU,370794,Asarum,caudatum,Flowers,N,9,7,2005,190,U.S.A.,Idaho,Clearwater,1040,46.83177,-115.17851,-4.5,-1.1,2,4.7,9.5,11.8,18.2,17.4,11.8,7.4,-0.5,-5.6,-5,-2.3,0,4.3,8.8,13.3,17.2,16.5,11.6,6.1,-0.1,-4,88,31,125,132,102,100,7,6,70,106,147,180,170,112,115,93,91,72,36,43,57,78,138,171,5.4,4.366666667,359,299,1.033333333
1220,ID,133989,Asarum,caudatum,Flowers,Y,31,5,2005,151,U.S.A.,Idaho,Idaho,558,46.044367,-115.283667,-2.1,1.7,5.1,8,12.7,15.1,21.9,21.1,15.1,10,1.5,-3.2,-2.9,0.7,3.1,7.5,12,16.5,20.4,19.9,14.8,8.7,2.2,-1.9,69,29,78,82,109,120,3,4,36,62,126,111,114,79,86,85,80,69,26,34,50,63,97,99,8.6,7.533333333,269,251,1.066666667
1253,ID,137766,Asarum,caudatum,Flowers,Y,14,6,2005,165,U.S.A.,Idaho,Shoshone,1214,47.06915,-115.398433,-4.2,-1.3,1.6,4.3,8.8,10.9,17.3,16.6,11.1,7,-0.4,-5.4,-4.7,-2.5,-0.4,3.8,8.1,12.5,16.4,15.9,11,5.6,0,-3.7,94,29,130,132,105,95,10,8,80,112,128,159,156,112,108,98,90,71,35,44,55,76,135,152,4.9,3.833333333,367,296,1.066666667
1256,ID,138277,Asarum,caudatum,Flowers,Y,31,5,2006,151,U.S.A.,Idaho,Shoshone,962,47.1599,-115.416483,1.6,-2.5,0.4,5.6,10.4,14.8,20.1,16.6,13.1,6.5,1.8,-2.2,-4.4,-2,0.2,4.5,8.9,13.2,17,16.5,11.7,6.4,0.4,-3.5,200,121,115,142,82,87,10,19,35,82,292,105,149,108,106,86,78,67,33,43,52,76,136,152,5.466666667,4.533333333,339,270,0.933333333
1257,ID,135328,Asarum,caudatum,Flowers,Y,15,6,2005,166,U.S.A.,Idaho,Shoshone,1004,47.172167,-115.419,-3.9,-0.9,2,4.9,9.5,11.6,17.9,17.1,11.6,7.7,0,-5.3,-4.5,-2.1,0.1,4.5,8.8,13.1,17,16.4,11.6,6.3,0.4,-3.5,93,27,133,121,94,88,11,9,81,119,124,158,152,109,108,88,81,68,34,44,53,77,136,153,5.466666667,4.466666667,348,277,1
1224,SRP,29343,Asarum,caudatum,Flowers,Y,5,6,2005,156,U.S.A.,Idaho,Idaho,489,46.085367,-115.483917,-1.5,2,5.5,8.3,12.9,15.2,21.9,21.2,15.1,10,1.9,-2.7,-2.4,0.9,3.5,7.8,12.2,16.6,20.5,20,14.8,8.7,2.6,-1.4,78,32,92,86,113,128,5,4,40,73,138,132,130,89,102,93,80,77,34,35,61,74,111,112,8.9,7.833333333,291,275,1.066666667
1223,ID,113620,Asarum,caudatum,Flowers,Y,20,6,1994,171,U.S.A.,Idaho,Idaho,476,46.0841,-115.4844,1.7,-0.8,4.9,9.7,14.5,16,21.8,21.5,17.4,9.8,1.5,-1,-2.4,1,3.6,7.8,12.2,16.7,20.5,20.1,14.9,8.8,2.6,-1.4,58,87,56,102,63,104,25,6,15,97,142,120,129,89,102,93,79,77,33,35,61,74,110,112,9.7,7.866666667,221,274,1.833333333
1225,ID,157176,Asarum,caudatum,Flowers,Y,1,6,2005,152,U.S.A.,Idaho,Idaho,489,46.085856,-115.493411,-1.5,2,5.6,8.4,13,15.2,22,21.3,15.2,10,2,-2.7,-2.4,1,3.6,7.8,12.3,16.7,20.5,20.1,14.9,8.8,2.7,-1.4,78,32,92,86,113,128,5,4,40,73,138,132,130,90,102,93,80,77,33,35,61,74,111,112,9,7.9,291,275,1.1
1219,SRP,60575,Asarum,caudatum,Flowers,Y,19,6,2015,170,U.S.A.,Idaho,Idaho,665,46.03574,-115.51505,0.2,4.4,6.7,8.1,14.2,21.2,22.1,21.6,15.8,12.5,1.6,0.1,-2.1,1.1,3.6,7.8,12.2,16.7,20.6,20.2,15,9,2.8,-1.3,94,124,70,43,59,39,43,7,42,79,124,133,126,86,98,88,74,72,32,33,60,74,107,108,9.666666667,7.866666667,172,260,1.8
1228,ID,158083,Asarum,caudatum,Flowers,N,2,6,2009,153,U.S.A.,Idaho,Idaho,755,46.220906,-115.555314,-1.7,1.2,2,7.4,13.2,16.9,22,20.8,18.3,6.3,3.5,-3.3,-2.5,1,3.4,7.4,12,16.4,20.3,19.9,14.7,8.6,2.3,-1.5,151,41,144,79,71,56,30,65,4,61,58,86,106,73,87,83,79,69,32,34,53,63,90,96,7.533333333,7.6,294,249,-0.066666667
1242,ID,129684,Asarum,caudatum,Flowers,Y,25,6,2003,176,U.S.A.,Idaho,Clearwater,762,46.891944,-115.596389,0.8,0.2,3.5,6.2,10.6,16.3,21.7,20.3,15.7,10.4,-1.3,-0.5,-3.3,-0.3,2.1,6.3,10.9,15.3,18.8,18.5,13.7,7.9,1.5,-2.4,178,104,163,83,79,29,11,27,30,68,135,160,126,86,98,79,76,61,33,38,50,68,111,130,6.766666667,6.433333333,325,253,0.333333333
1229,SRP,52423,Asarum,caudatum,Flowers,Y,3,7,2015,184,U.S.A.,Idaho,Idaho,1312,46.238778,-115.648694,-1.4,2.3,3.7,4.8,11.1,18.1,19.3,18.8,13.3,10.3,-0.7,-1.5,-3.9,-0.9,0.7,4.6,9,13.7,17.7,17.5,12.5,6.7,0.4,-2.9,123,168,93,51,78,49,42,7,44,81,147,189,165,114,120,105,102,81,38,42,62,79,131,153,6.533333333,4.766666667,222,327,1.766666667
1217,ID,170606,Asarum,caudatum,Flowers,Y,19,6,2015,170,U.S.A.,Idaho,Idaho,1500,45.998039,-115.652675,-2.7,1.1,2.3,3.6,9.6,16.7,17.7,17.3,12,9.1,-1.9,-2.7,-5.1,-2.3,-0.8,3.3,7.6,12.2,16.1,15.8,11.1,5.5,-0.8,-4.1,97,132,73,48,89,55,63,10,48,77,121,141,131,92,99,98,109,98,49,51,67,73,107,114,5.166666667,3.366666667,210,306,1.8
1262,ID,155701,Asarum,caudatum,Flowers,Y,7,6,2004,159,U.S.A.,Idaho,Shoshone,1535,47.235417,-115.652917,-6.3,-3.1,1.6,4.3,7,12,17.6,16.7,10.3,6.1,-0.3,-1.3,-5.9,-3.1,-1.3,2.7,7.3,11.6,15.9,15.6,10.9,5.2,-1,-4.6,230,116,100,79,165,65,30,127,102,124,149,187,187,139,129,96,91,81,38,48,63,92,167,191,4.3,2.9,344,316,1.4
1221,ID,170756,Asarum,caudatum,Flowers,Y,19,6,2015,170,U.S.A.,Idaho,Idaho,1785,46.045067,-115.6604,-3.6,0,0.7,1.9,8,15,16.1,15.8,10.6,7.7,-3.1,-3.3,-5.9,-3.3,-2.4,1.6,5.9,10.5,14.5,14.4,9.8,4.1,-2,-4.7,101,138,75,51,92,62,63,10,51,78,125,145,137,95,100,103,114,107,51,56,71,75,110,117,3.533333333,1.7,218,317,1.833333333
1230,ID,118600,Asarum,caudatum,Flowers,Y,16,6,1996,168,U.S.A.,Idaho,Clearwater,1421,46.4177,-115.6929,-3.1,-3.5,-0.3,4.2,6.4,12.1,17.6,16,10.5,6.6,0.5,-2.7,-4.3,-1.4,0.1,3.6,8.1,12.7,16.7,16.2,11.3,5.9,-0.1,-3.3,305,268,81,239,172,30,5,11,65,137,276,395,221,155,164,126,112,82,39,39,66,93,175,216,3.433333333,3.933333333,492,402,-0.5
1261,ID,129014,Asarum,caudatum,Flowers,Y,11,6,2003,162,U.S.A.,Idaho,Shoshone,762,47.221983,-115.71505,0.2,-0.7,2.6,5.9,10,15.4,20.9,19.2,14.7,9.8,-1.6,-1,-3.8,-1.2,1.3,5.9,10.4,14.6,18.2,17.6,12.8,7.4,1.3,-2.7,185,117,153,81,78,27,9,31,29,70,143,182,141,103,97,75,69,59,33,44,46,65,122,143,6.166666667,5.866666667,312,241,0.3
1264,ID,128215,Asarum,caudatum,Flowers,Y,11,6,2003,162,U.S.A.,Idaho,Shoshone,823,47.312283,-115.75695,0.2,-0.8,2.3,5.5,9.6,15,20.4,18.7,14.3,9.6,-1.8,-1.1,-3.8,-1.3,1.1,5.7,10,14.2,17.7,17.1,12.5,7.2,1.1,-2.8,203,128,169,85,78,28,9,33,30,75,146,214,158,116,107,78,69,60,35,47,48,67,126,161,5.8,5.6,332,254,0.2
1265,ID,141888,Asarum,caudatum,Flowers,Y,26,6,2007,177,U.S.A.,Idaho,Shoshone,1707,47.432969,-115.758567,-5.7,-2,1.3,2.7,8,11.7,19,15.3,10.9,4.9,-1.3,-3.4,-6.1,-3.6,-1.8,2.2,6.7,11,15.3,14.8,10.3,4.5,-1.4,-5,160,209,170,75,69,66,4,23,37,143,175,238,196,147,130,100,95,84,39,51,65,94,172,197,4,2.366666667,314,325,1.633333333
1214,WTU,118263,Asarum,caudatum,Flowers,N,8,8,1947,220,U.S.A.,Idaho,Idaho,1707,45.96444,-115.82167,-7.2,-1.5,0.7,3,8.8,10.2,15.8,14.6,11.9,7.8,-1.4,-1.9,-5.5,-2.7,-1.5,2.7,7,11.7,15.8,15.7,11.1,5.3,-1.2,-4.4,113,66,108,92,93,215,20,19,86,144,182,126,145,104,107,106,124,117,63,60,79,81,115,119,4.166666667,2.733333333,293,337,1.433333333
1281,MONTU,91517,Asarum,caudatum,FLOWER,Y,3,6,1982,154,U.S.A.,Montana,Sanders,701,48.054298,-115.834702,-3.9,-2.9,2.3,4.5,10,16.3,17,17.3,12.9,6.5,-0.3,-2.3,-3.9,-0.9,1.8,6.5,10.9,14.9,18.2,17.6,12.9,7.2,1.3,-2.6,128,148,108,109,50,59,47,21,53,57,102,117,99,71,64,56,62,54,29,37,44,52,94,104,5.6,6.4,267,182,-0.8
1285,MONTU,91495,Asarum,caudatum,FLOWER,Y,3,6,1982,154,U.S.A.,Montana,Lincoln,732,48.206051,-115.919334,-4.7,-3.3,1.7,4.1,9.6,15.7,16.3,16.7,12.2,6.1,-0.9,-3.2,-4.6,-1.2,1.3,6.2,10.6,14.4,17.6,16.9,12.2,6.9,0.7,-3.3,134,154,106,100,47,55,40,18,54,57,108,118,106,72,60,51,56,52,26,31,42,53,100,103,5.133333333,6.033333333,253,167,-0.9
1259,ID,145454,Asarum,caudatum,Flowers,Y,12,7,2004,194,U.S.A.,Idaho,Shoshone,835,47.210067,-115.98175,-4.1,-1.3,4.1,7.3,10,15,19.8,18.8,12.2,8.2,1.8,0.4,-3.7,-1.2,1.3,5.7,10.3,14.5,18,17.6,12.9,7.2,1.1,-2.7,154,76,65,52,128,41,21,103,79,87,95,122,122,86,82,64,67,55,29,38,50,57,96,114,7.133333333,5.766666667,245,213,1.366666667
1260,ID,164054,Asarum,caudatum,Flowers,Y,21,7,2004,203,U.S.A.,Idaho,Shoshone,835,47.210067,-115.98175,-4.1,-1.3,4.1,7.3,10,15,19.8,18.8,12.2,8.2,1.8,0.4,-3.7,-1.2,1.3,5.7,10.3,14.5,18,17.6,12.9,7.2,1.1,-2.7,154,76,65,52,128,41,21,103,79,87,95,122,122,86,82,64,67,55,29,38,50,57,96,114,7.133333333,5.766666667,245,213,1.366666667
1277,SRP,32219,Asarum,caudatum,Flowers,Y,21,6,2006,172,U.S.A.,Idaho,Shoshone,961,47.76025,-116.106222,1.5,-2.3,0.5,5.6,10.3,14.4,19.7,16.5,13.4,6.3,1.4,-1.8,-4.3,-1.6,0.5,4.7,9.1,13.2,17,16.6,12,6.5,0.7,-3.1,253,109,112,116,105,122,4,28,35,64,336,100,141,106,98,83,90,79,40,57,62,76,136,154,5.466666667,4.766666667,333,271,0.7
1263,ID,126647,Asarum,caudatum,Flowers,Y,2,6,2003,153,U.S.A.,Idaho,Shoshone,686,47.287183,-116.122733,1,0.1,3.7,6.9,11.2,16.6,21.5,19.8,15.4,10.5,-0.7,-0.2,-3,-0.4,2.5,7.1,11.6,15.8,18.8,18.3,13.6,8.1,2.2,-1.9,126,74,97,53,63,18,6,20,24,46,74,106,88,64,59,47,53,42,21,29,36,42,66,82,7.266666667,7.066666667,213,159,0.2
1240,WTU,169602,Asarum,caudatum,Flowers,N,23,7,1949,204,U.S.A.,Idaho,Clearwater,1006,46.858695,-116.180792,-14.5,-4.6,0.2,6.7,11.6,13.2,16.3,17,12.8,3.8,2.9,-3.6,-4.3,-1.6,0.6,4.9,9.4,13.6,17,16.5,11.9,6.5,0.7,-3.2,50,207,79,47,68,27,12,8,63,89,143,125,165,122,106,76,77,59,29,34,52,65,128,168,6.166666667,4.966666667,194,259,1.2
1233,SRP,54979,Asarum,caudatum,Flowers,Y,1,7,2004,183,U.S.A.,Idaho,Latah,891,46.744183,-116.181167,-3.8,-0.8,4.5,7.6,10.4,15.4,19.9,18.8,12.4,8.3,1.9,0.5,-3.5,-0.6,1.5,5.8,10.4,14.7,18.1,17.5,12.9,7.4,1.5,-2.5,166,83,50,51,138,35,16,64,50,87,94,109,117,91,77,59,64,54,27,28,45,53,91,117,7.5,5.9,239,200,1.6
1244,ID,120053,Asarum,caudatum,Flowers,Y,20,7,1996,202,U.S.A.,Idaho,Clearwater,1341,46.9127,-116.1959,-3.4,-4.2,-0.5,4.6,6.7,12.4,17.6,15.9,10.6,6.1,0,-3.6,-4.4,-1.9,0,3.9,8.5,12.8,16.6,16.2,11.7,6,0.2,-3.4,339,274,82,206,162,36,8,15,44,145,277,367,197,144,127,86,85,65,31,37,56,75,153,200,3.6,4.133333333,450,298,-0.533333333
1250,ID,131072,Asarum,caudatum,Flowers,Y,17,7,2002,198,U.S.A.,Idaho,Latah,1625,47.0284,-116.1959,-2.4,-2.8,-3.2,3.1,6.9,12.4,17.5,14,11.3,3.4,0.5,-0.5,-4.8,-2.5,-0.5,3.8,8.1,12.3,15.8,15.3,10.8,5.5,-0.3,-4.1,300,134,187,69,108,89,12,38,39,41,123,187,193,141,128,93,93,73,32,36,66,72,160,201,2.266666667,3.8,364,314,-1.533333333
1239,ID,129543,Asarum,caudatum,Flowers,Y,8,8,2002,220,U.S.A.,Idaho,Clearwater,1280,46.8548,-116.217,-1.9,-2.1,-2.3,3.6,7.6,13.2,18.4,15,12.1,4.1,1.1,0.3,-4.3,-1.7,0.3,4.1,8.7,13,16.7,16.2,11.7,6.1,0.3,-3.3,269,120,174,56,88,79,12,39,31,49,115,155,186,137,120,82,82,62,30,35,54,70,144,190,2.966666667,4.366666667,318,284,-1.4
1238,ID,118906,Asarum,caudatum,Flowers,Y,21,7,1996,203,U.S.A.,Idaho,Clearwater,1311,46.8548,-116.2381,-3.1,-3.9,-0.2,4.8,6.9,12.5,17.5,15.6,10.5,6.3,0.3,-3.4,-4.2,-1.6,0.3,4.1,8.6,12.9,16.5,16,11.5,6.1,0.4,-3.3,342,266,80,207,161,37,7,14,43,142,264,352,191,140,123,84,83,63,30,35,55,71,148,196,3.833333333,4.333333333,448,290,-0.5
1241,ID,12650,Asarum,caudatum,Flowers,Y,23,6,1949,174,U.S.A.,Idaho,Clearwater,1006,46.8838,-116.2381,-14.9,-4.9,0.1,6.5,11.5,13.1,16.3,16.9,12.5,3.4,2.7,-4,-4.7,-1.9,0.5,4.7,9.3,13.5,16.9,16.4,11.6,6.2,0.5,-3.6,49,200,77,46,68,27,12,9,63,87,140,122,160,119,103,73,76,58,28,33,52,63,125,162,6.033333333,4.833333333,191,252,1.2
1255,ID,132312,Asarum,caudatum,Flowers,Y,3,6,2004,155,U.S.A.,Idaho,Shoshone,1620,47.14395,-116.309767,-5.3,-2.3,2.5,4.7,7.3,12.1,17.9,16.9,10.6,6.1,-0.1,-1.2,-5,-2.2,-0.3,3,7.4,11.5,16,15.7,11.1,5.2,-0.7,-4.2,296,152,113,85,210,54,21,101,103,134,192,248,228,165,152,105,105,82,33,38,73,82,191,240,4.833333333,3.366666667,408,362,1.466666667
1247,ID,132316,Asarum,caudatum,Flowers,Y,18,6,2004,170,U.S.A.,Idaho,Shoshone,903,46.954233,-116.3289,-4.8,-1.8,3.8,6.8,10,14.7,19.1,17.9,11.3,7.6,1.2,-0.4,-4.5,-1.6,1,5,10,14,17.3,16.7,11.8,6.6,0.7,-3.4,188,98,61,55,149,33,16,78,60,97,112,133,139,106,90,66,72,53,27,32,48,59,113,140,6.866666667,5.333333333,265,228,1.533333333
1246,ID,132315,Asarum,caudatum,Flowers,Y,18,6,2004,170,U.S.A.,Idaho,Shoshone,950,46.948683,-116.333083,-4.8,-1.9,3.7,6.7,9.9,14.6,19,17.8,11.2,7.5,1.1,-0.5,-4.6,-1.7,0.8,4.9,9.9,13.9,17.2,16.5,11.7,6.5,0.6,-3.5,194,102,63,56,151,34,16,78,60,98,118,137,143,110,93,67,73,54,27,32,49,59,118,145,6.766666667,5.2,270,233,1.566666667
1276,ID,80835,Asarum,caudatum,Flowers,Y,13,8,1983,225,U.S.A.,Idaho,Kootenai,780,47.7112,-116.3851,0.5,1.6,3.4,5.5,10.9,13.5,15.4,18.3,10.6,6.7,2.9,-7.6,-3.4,-0.8,1.7,5.9,10.2,14.4,17.9,17.3,12.7,7.3,1.6,-2.2,149,138,173,47,83,162,118,57,41,66,301,174,157,119,112,78,99,87,36,60,53,77,160,180,6.6,5.933333333,303,289,0.666666667
1234,ID,128508,Asarum,caudatum,Flowers,Y,15,5,2003,135,U.S.A.,Idaho,Latah,823,46.7513,-116.4642,0.9,0.1,3.7,6.1,10.8,16.1,21.2,19.5,15.1,10.4,-0.8,-0.2,-3.4,-0.3,2.2,6.4,11.1,15.1,18.5,18,13.3,7.8,1.8,-2.2,186,107,132,60,65,17,9,16,32,32,78,121,102,76,69,52,59,48,25,27,39,48,82,101,6.866666667,6.566666667,257,180,0.3
1268,ID,136321,Asarum,caudatum,Flowers,Y,23,6,2004,175,U.S.A.,Idaho,Kootenai,778,47.561967,-116.4914,-3.2,-0.2,5.3,8.7,11.2,16,20.7,19.5,13.2,9.2,3,1.3,-2.9,-0.1,2.6,7,11.4,15.5,19,18.4,13.8,8.4,2.3,-1.6,114,66,50,42,100,32,12,85,54,60,87,92,97,74,66,50,59,52,25,36,36,46,94,105,8.4,7,192,175,1.4
1286,ID,152620,Asarum,caudatum,Flowers,Y,31,5,1973,151,U.S.A.,Idaho,Bonner,640,48.2595,-116.5152,-4.7,-0.4,3.4,6.6,11.9,15.3,19.2,18.3,13.9,7.9,0.6,0.3,-3.6,-0.8,2.4,7,11.4,15.4,18.5,17.9,13.3,7.5,1.7,-2.1,97,31,46,24,52,27,1,14,73,60,258,196,103,87,75,52,64,59,34,40,45,58,118,118,7.3,6.933333333,122,191,0.366666667
1245,ID,128233,Asarum,caudatum,Flowers,Y,26,6,2002,177,U.S.A.,Idaho,Latah,850,46.9271,-116.6385,-1.5,-1.4,-0.6,5.6,9.2,14.6,19.5,16,13,5.4,2.2,1.1,-3.8,-0.9,1.8,6,10.4,14.4,17.7,17.2,12.7,7.4,1.5,-2.6,126,67,103,49,52,55,9,34,17,21,62,107,100,77,73,58,57,47,21,27,38,40,91,102,4.733333333,6.066666667,204,188,-1.333333333
1249,SRP,29344,Asarum,caudatum,Flowers,Y,6,6,2005,157,U.S.A.,Idaho,Latah,496,47.009567,-116.676717,-0.8,2.8,6.5,9.7,14,15.5,21.3,20.6,14.9,11.1,3.4,-1.7,-1.8,1.9,4.8,8.8,12.9,16.7,20.2,19.7,15.4,10.1,4.1,0,34,6,52,24,42,18,6,4,10,30,47,60,55,38,38,25,26,18,10,11,15,19,48,53,10.06666667,8.833333333,118,89,1.233333333
1287,ID,92261,Asarum,caudatum,Flowers,Y,12,6,1930,163,U.S.A.,Idaho,Bonner,854,48.3176,-116.7952,-12.1,-0.6,1.7,8.5,9.5,12.7,18.4,17.9,13.4,5.2,0.4,-3.2,-4.9,-1.9,1.4,5.8,10.3,14.4,17.7,17.1,12.6,6.5,0.6,-3.3,35,100,36,57,72,42,5,34,23,61,71,39,105,84,76,58,69,59,32,40,42,58,119,127,6.566666667,5.833333333,165,203,0.733333333
1293,ID,15580,Asarum,caudatum,Flowers,Y,26,6,1965,177,U.S.A.,Idaho,Bonner,750,48.741871,-116.837167,-2.6,-2.3,-2.1,7,9.6,14.6,18.6,18,9.6,8.2,2.3,-1.2,-4.6,-1.7,1.7,6.5,10.8,14.9,17.9,17.4,12.6,6.8,0.8,-2.8,87,73,10,52,38,30,19,66,40,9,97,92,83,62,58,45,54,51,27,34,36,46,91,99,4.833333333,6.333333333,100,157,-1.5
1295,WTU,330958,Asarum,caudatum,Flowers,N,8,7,1994,189,U.S.A.,Idaho,Bonner,1280,48.751162,-116.869077,-1.8,-5.1,0.8,6,9.1,11.1,17.3,16.5,12.9,4.7,-2.9,-4.3,-6.6,-3.7,-0.7,3.6,7.6,11.7,15.2,15.3,10.9,4.8,-1.2,-5.1,75,77,48,74,65,88,9,5,32,82,128,146,115,90,83,66,78,68,38,46,52,64,133,131,5.3,3.5,187,227,1.8
1296,SRP,32224,Asarum,caudatum,Flowers,Y,15,7,2007,196,U.S.A.,Idaho,Bonner,793,48.75435,-116.87743,-5,-1.8,4,6.2,11.4,14.6,21.2,16.9,12.3,6.5,0.8,-2.9,-4.8,-1.9,1.5,6.2,10.6,14.6,17.7,17.4,12.6,6.7,0.6,-3.1,69,71,85,23,47,34,14,15,18,61,54,174,92,70,65,51,62,58,31,39,41,50,103,113,7.2,6.1,155,178,1.1
1316,UBC,V109317,Asarum,caudatum,Flowers,N,16,7,1960,198,Canada,British_Columbia,NA,610,49.906836,-116.91753,-5.2,-1.4,1.6,7,10.3,15.3,21.6,17.2,12.6,8.1,1.3,-2.1,-3.2,-0.4,2.8,7.3,11.8,15.6,18.5,18.1,13.1,7.3,1.8,-2.2,88,55,89,43,65,30,19,40,41,82,156,62,111,72,63,50,44,59,43,49,47,61,106,127,6.3,7.3,197,157,-1
1306,ID,157249,Asarum,caudatum,Flowers,Y,24,6,2009,175,U.S.A.,Idaho,Boundary,1083,48.990872,-116.937683,-5.4,-4,-2.2,3.7,8.7,12.4,17.2,16.4,14,2,1.3,-7.4,-5.9,-2.9,0.2,4.5,8.4,12.5,16,15.9,11.3,5.1,-0.4,-4.5,58,51,89,57,53,42,83,49,21,135,121,92,119,87,81,74,96,95,54,66,73,73,154,138,3.4,4.366666667,199,251,-0.966666667
1279,EWU,119,Asarum,caudatum,Flowers,Y,27,5,1965,147,U.S.A.,Washington,Spokane,1067,47.92139,-117.11306,-3.2,-2.3,-1.8,5.7,8.6,13.1,18.2,17.3,9.6,9.2,1.7,-2.2,-5.2,-2.3,0.7,4.9,9.4,13.7,17.7,17.5,12.6,6.8,0,-3.7,150,66,12,125,53,53,19,91,35,8,112,109,125,88,97,75,74,63,29,40,47,52,133,160,4.166666667,5,190,246,-0.833333333
1298,WTU,368547,Asarum,caudatum,Flowers,N,10,5,2004,131,U.S.A.,Washington,Pend Oreille,850,48.835,-117.233333,-5.9,-2.1,3.7,7.6,9.7,14.6,19,18.5,11.8,6.5,1.4,-0.9,-5.6,-2.3,1.1,5.9,10.1,14.2,17.6,17.3,12.7,6.3,0.4,-3.6,89,47,66,50,104,68,44,104,72,79,83,100,95,84,79,68,77,83,52,47,46,61,117,121,7,5.7,220,224,1.3
1303,WTU,408886,Asarum,caudatum,Flowers,Y,20,7,2012,202,U.S.A.,Washington,Pend Oreille,865,48.94306,-117.28383,-3.5,-2.4,1.2,7,9.6,12.8,18.9,18.6,14.4,5.7,1.8,-2.4,-5.6,-2.3,1.2,6.1,10.2,14.3,17.5,17.4,12.5,6.2,0.3,-3.7,57,60,114,75,28,186,63,9,9,68,101,86,77,62,57,63,70,76,57,40,44,56,84,100,5.933333333,5.833333333,217,190,0.1
1311,UBC,V233055,Asarum,caudatum,Flowers,N,3,6,2006,154,Canada,British_Columbia,NA,750,49.195,-117.285556,2,-2.1,2,8.1,12.3,16.1,20.9,17.9,14.6,6.4,0.7,-1.2,-4,-1,2.5,7.2,11.4,15.3,18.7,18.4,13.4,7,1.1,-3.1,133,32,41,94,85,92,38,21,26,27,160,64,71,49,59,56,75,73,47,46,47,54,80,82,7.466666667,7.033333333,220,190,0.433333333
1318,UBC,V164260,Asarum,caudatum,Flowers,N,12,7,1978,193,Canada,British_Columbia,NA,833,50.01026,-117.294623,-5.9,-1.4,1.1,5.9,8.9,14.5,17.8,15.5,11.8,5.6,-2.6,-7.2,-5.5,-2.4,0.9,5.3,9.9,14,17,16.7,12.1,5.5,-0.7,-4.8,121,59,64,99,71,68,48,130,72,33,69,87,122,84,72,64,59,74,59,69,60,81,120,142,5.3,5.366666667,234,195,-0.066666667
1294,WTU,406754,Asarum,caudatum,Flowers,Y,20,7,2012,202,U.S.A.,Washington,Pend Oreille,850,48.74242,-117.337,-3.3,-2.1,1.5,7.1,9.9,13,19.3,18.9,14.8,6.2,2.3,-2,-5.3,-2,1.5,6.2,10.4,14.5,17.9,17.6,12.9,6.5,0.7,-3.4,68,75,136,68,30,177,53,10,8,70,130,99,88,75,68,57,71,74,46,45,44,55,105,112,6.166666667,6.033333333,234,196,0.133333333
1274,WTU,16603,Asarum,caudatum,Flowers,N,20,6,1932,172,U.S.A.,Washington,Spokane,1067,47.65889,-117.425,-6.5,-4.7,0.8,7.2,10.9,16.2,18.1,18.4,13.8,7.6,3.2,-4.8,-4.4,-1.4,2.4,6.5,11.3,15.5,19.5,18.9,13.8,7.7,0.9,-3,57,31,79,36,74,10,8,7,3,41,86,67,55,43,43,33,40,39,19,20,22,32,61,65,6.3,6.733333333,189,116,-0.433333333
1291,WTU,407064,Asarum,caudatum,Flowers,Y,22,7,2012,204,U.S.A.,Washington,Pend Oreille,1006,48.72745,-117.50167,-4.2,-3.1,0.4,5.7,8.4,11.6,17.9,17.6,13.6,5.2,1.2,-2.9,-6.2,-3,0.4,4.7,8.9,13.1,16.5,16.2,11.6,5.4,-0.4,-4.4,75,85,141,76,31,199,63,11,8,81,139,113,97,82,74,63,74,83,54,50,50,64,114,125,4.833333333,4.666666667,248,211,0.166666667
1297,RM,NA,Asarum,caudatum,Flowers,N,27,7,1996,209,U.S.A.,Washington,Stevens,945,48.7939,-117.5737,-6.4,-4.6,0.5,5.8,7.6,13.3,18.2,17.2,10.9,5.4,-0.5,-5.8,-6,-2.7,0.7,5.4,9.6,13.7,17.1,16.9,12.1,5.9,-0.1,-4.2,107,120,30,64,142,98,27,34,37,152,212,163,115,76,66,44,64,78,39,62,49,66,118,117,4.633333333,5.233333333,236,174,-0.6
1292,ID,111424,Asarum,caudatum,Flowers,Y,18,7,1995,199,U.S.A.,Washington,Pend Oreille,1131,48.7358,-117.5958,-4.6,-1.6,0.5,4.3,10.5,12.7,16.6,14.7,13.6,5,0.6,-3.6,-6.3,-3.3,0.1,4.4,8.7,12.8,16.4,16.2,11.6,5.2,-0.8,-4.8,192,46,146,51,32,126,53,41,65,134,152,138,128,86,75,52,72,87,44,61,55,73,132,127,5.1,4.4,229,199,0.7
1289,RM,NA,Asarum,caudatum,Flowers,N,14,7,1995,195,U.S.A.,Washington,Stevens,762,48.4314,-117.6383,-3,0.1,2.6,6.7,12.9,15,19,16.4,15.5,6.7,2.6,-1.9,-5,-1.7,2.1,6.8,11.2,15.3,18.9,18.3,13.5,7.3,0.8,-3.1,98,35,110,35,30,100,31,27,53,61,62,93,64,55,53,39,51,64,27,37,36,35,62,87,7.4,6.7,175,143,0.7
1307,RM,NA,Asarum,caudatum,Flowers,N,22,5,1996,143,U.S.A.,Washington,Stevens,579,48.9935,-117.6828,-4.6,-2.5,2.9,8.4,10.4,16.1,20.8,19.8,13.2,7.4,0.9,-4.5,-4,-0.8,3.1,8,12.5,16.5,19.8,19.4,14.4,7.9,1.6,-2.7,63,74,25,48,114,67,25,25,31,89,142,129,71,48,45,36,51,56,30,44,35,40,72,88,7.233333333,7.866666667,187,132,-0.633333333
1290,RM,NA,Asarum,caudatum,Flowers,N,26,7,1995,207,U.S.A.,Washington,Stevens,945,48.6919,-117.6988,-4.1,-1,1.4,5.5,11.5,13.7,17.6,15.5,14.5,5.7,1.4,-2.8,-5.9,-2.7,0.8,5.5,9.7,13.9,17.3,17.1,12.3,6,-0.1,-4.1,162,37,126,47,29,115,56,33,64,115,123,127,105,72,63,48,65,81,45,51,50,64,110,117,6.133333333,5.333333333,202,176,0.8
1312,UBC,V94806,Asarum,caudatum,Flowers,N,23,6,1962,174,Canada,British_Columbia,NA,400,49.197183,-117.70915,-4.7,-0.4,2.1,9.9,12.5,16.7,19.8,18.1,15.5,9.3,4.8,1.3,-2.8,0.3,4.3,9,13.4,17.3,20.3,19.8,14.9,8.4,2.4,-1.8,42,37,45,35,67,31,16,29,33,50,79,67,69,46,45,44,51,50,32,37,35,38,76,88,8.166666667,8.9,147,140,-0.733333333
1305,RM,NA,Asarum,caudatum,Flowers,N,25,6,1996,177,U.S.A.,Washington,Stevens,427,48.9649,-117.7485,-4.3,-2.3,3.5,9.1,11.1,16.9,21.6,20.3,13.8,8,1.7,-3.8,-3.8,-0.6,3.7,8.8,13.2,17.3,20.5,19.9,15,8.5,2.2,-2.1,46,57,19,45,106,59,23,20,26,70,102,95,52,36,36,34,47,49,29,36,30,31,53,67,7.9,8.566666667,170,117,-0.666666667
1300,RM,NA,Asarum,caudatum,Flowers,N,6,7,1996,188,U.S.A.,Washington,Stevens,595,48.8998,-117.764,-5.2,-3.1,2.5,8,10,15.7,20.6,19.4,12.9,7.2,0.8,-4.7,-4.6,-1.3,2.7,7.7,12,16.2,19.5,19,14.1,7.6,1.2,-3,59,76,22,48,115,66,24,23,28,95,135,115,64,49,45,36,52,55,34,43,34,41,73,84,6.833333333,7.466666667,185,133,-0.633333333
1215,ID,143666,Asarum,caudatum,Flowers,Y,26,7,2001,207,U.S.A.,Oregon,Umatilla,793,45.99,-118.049722,-2.1,-1.6,3.8,6,12.2,13.6,18.2,19.4,16,8.3,4.7,0.2,-1.8,0.7,3.5,7.3,11.4,15.3,18.8,18.1,13.9,8.7,3.3,-0.7,79,55,101,140,53,62,15,7,19,118,127,113,129,97,116,82,74,52,19,32,43,77,131,124,7.333333333,7.4,294,272,-0.066666667
1216,WS,331145,Asarum,caudatum,Flowers,N,30,4,1983,120,U.S.A.,Washington,Walla Walla,634,45.997249,-118.11917,3.1,4.6,6.2,7.9,13.5,15.3,18.3,20.7,13.1,9.7,6,-5,-1,1.9,4.6,8.2,12.4,16.5,20.1,19.3,15,9.7,3.9,0.1,141,180,261,79,52,83,51,32,47,80,190,212,131,108,130,90,64,51,21,33,44,81,135,140,9.2,8.4,392,284,0.8
1324,UBC,V88354,Asarum,caudatum,Flowers,N,28,6,1952,180,Canada,British_Columbia,NA,853,51.15,-118.2,-9.9,-3.3,-0.8,4.2,8.8,11.4,15.3,14.9,11,5.9,-2.8,-4,-7.2,-3.8,-0.1,4.8,9.9,13.7,16.3,15.8,10.8,4.5,-2,-6.4,111,72,63,30,39,80,33,21,22,17,22,73,145,94,72,54,56,57,66,64,74,99,128,166,4.066666667,4.866666667,132,182,-0.8
1304,RM,NA,Asarum,caudatum,Flowers,N,4,7,1996,186,U.S.A.,Washington,Stevens,762,48.9506,-118.7342,-7.6,-4.8,0.7,6.6,8.4,13.9,19.3,18,11.3,5.6,-1.8,-7.4,-5.9,-2.3,1.9,6.6,11,15,18.1,17.8,13.1,6.6,-0.1,-5,46,44,9,35,85,46,13,12,35,44,64,73,46,33,27,27,48,43,27,41,26,23,39,54,5.233333333,6.5,129,102,-1.266666667
1322,UBC,V96254,Asarum,caudatum,Flowers,N,26,6,1952,178,Canada,British_Columbia,NA,366,50.938046,-118.794475,-8.3,-1.9,1.4,7.5,11.9,14.6,18.2,17.7,14,8.7,0.3,-0.7,-5,-1.8,2.4,7.9,12.8,16.7,19.1,18.6,13.4,7.4,1,-3.6,59,37,36,18,41,85,25,17,16,10,12,43,73,46,36,35,52,61,55,54,56,48,65,92,6.933333333,7.7,95,123,-0.766666667
1321,UBC,V214845,Asarum,caudatum,Flowers,N,8,6,1972,160,Canada,British_Columbia,NA,365,50.4,-119.25,-9.9,-3.2,2.8,5.9,13.5,16.1,18.6,20,11.8,5.1,3.2,-4.7,-4.4,-1.3,3.2,8.2,12.7,16.9,19.5,19,13.8,7.4,1.3,-3.5,69,33,54,25,36,54,35,22,51,18,22,42,46,30,24,29,35,35,35,37,40,29,41,55,7.4,8.033333333,115,88,-0.633333333
1205,RM,NA,Asarum,caudatum,Flowers,N,5,6,2002,156,U.S.A.,Oregon,Morrow,1530,45.117222,-119.436389,-1.3,-0.3,-0.9,3.3,6.8,12.3,17.7,15.3,12.7,5.2,1.2,1,-3.2,-0.4,1,3.2,7.4,11.9,16.2,16,12.3,6.9,1.4,-1.7,33,32,30,64,33,55,13,2,9,16,22,105,72,59,68,58,47,36,18,19,26,31,77,90,3.066666667,3.866666667,127,173,-0.8
1288,WTU,366874,Asarum,caudatum,Flowers,N,29,6,2006,180,U.S.A.,Washington,Chelan,662,48.390778,-120.832639,0.9,-1.3,2.3,6.9,11.4,15.6,19.7,17.6,14.5,6.7,0.4,-2.2,-3.9,-0.8,2.3,6.3,10.4,14.6,17.9,17.5,13.3,7,1,-3.4,403,137,119,34,35,52,15,2,21,21,502,340,223,144,115,57,35,27,18,29,45,102,215,232,6.866666667,6.333333333,188,207,0.533333333
1299,WTU,354447,Asarum,caudatum,Flowers,N,13,7,2002,194,U.S.A.,Washington,Whatcom,1200,48.899388,-121.024236,-2.4,-1.5,-3.1,3.3,6,11.7,15.2,14.3,10.8,3.7,0.5,-0.9,-4.3,-2,0,3.4,7.1,11.1,14.4,14.4,10.7,5,-0.4,-4.2,274,189,148,74,49,36,34,7,21,21,151,256,245,156,121,84,58,45,37,42,73,128,233,255,2.066666667,3.5,271,263,-1.433333333
1254,WTU,392901,Asarum,caudatum,Flowers,N,13,7,2012,195,U.S.A.,Washington,Kittitas,1211,47.1252,-121.0357,-3.8,-1.5,-0.6,4.4,7.2,9.8,15.5,16.2,13.2,6.5,1.4,-1.9,-4,-1.7,0.3,3.4,7.1,11.1,14.8,14.6,11.7,6,0,-3.3,354,173,215,111,61,85,27,3,3,201,348,305,281,172,127,87,62,45,26,46,62,104,238,295,3.666666667,3.6,387,276,0.066666667
1302,WTU,354461,Asarum,caudatum,Flowers,N,13,7,2002,194,U.S.A.,Washington,Whatcom,716,48.92,-121.148333,-1.1,0.1,-1.2,5.2,7.9,13.4,16.8,15.9,12.2,5.4,2.2,0.4,-2.9,-0.2,1.8,5.3,9,12.8,16.1,16,12.1,6.6,1.2,-2.7,260,222,161,70,71,54,36,11,32,24,152,231,229,187,140,79,84,67,41,63,104,142,221,231,3.966666667,5.366666667,302,303,-1.4
1280,WTU,172537,Asarum,caudatum,Flowers,N,30,6,1953,181,U.S.A.,Washington,Snohomish,1067,47.99528,-121.36083,0.3,-0.9,0.9,3.3,6.5,8.5,13.5,13.2,11.4,6.6,2.5,-0.2,-3.2,-0.9,0.9,3.7,7,10.7,14,13.9,11.1,5.5,0.5,-2.8,1367,330,210,225,189,144,39,113,203,217,450,733,581,379,359,247,180,113,68,96,166,261,536,535,3.566666667,3.866666667,624,786,-0.3
1283,WTU,16604JWT,Asarum,caudatum,Flowers,N,17,7,1932,199,U.S.A.,Washington,Snohomish,1372,48.06829,-121.47068,-4.3,-2.6,0.4,4.3,5.8,10.8,11.8,12.8,10.9,6.5,2.6,-3.3,-2.5,-0.7,0.5,3.4,6.4,10,13.5,13.3,10.9,5.4,0.9,-2.2,581,657,742,341,105,29,144,69,79,314,1136,598,643,439,439,297,237,124,79,111,189,294,665,578,3.5,3.433333333,1188,973,0.066666667
1282,WTU,21634JWT,Asarum,caudatum,Flowers,N,18,5,1940,139,U.S.A.,Washington,Snohomish,915,48.06611,-121.50778,-0.3,1.5,4.2,7.3,10.2,13.1,15.4,14.9,13.8,9.3,0.8,0,-1.7,0.5,2.2,5.6,8.7,12.2,15.3,15.1,12.3,7.3,2,-1.2,261,509,420,262,219,30,81,59,173,551,425,304,568,399,400,267,219,130,84,100,207,325,604,508,7.233333333,5.5,901,886,1.733333333
1226,WTU,NA,Asarum,caudatum,Flowers,N,9,7,2004,191,U.S.A.,Washington,Skamania,1218,46.097567,-121.531333,-3.5,-0.1,3,5.4,8,11.9,16.2,16,11.2,7.3,0.6,0,-2.6,-0.4,1.2,3.4,7.1,11.1,14.5,14.5,11.7,6.5,1,-1.8,348,161,134,46,81,63,12,63,65,113,87,165,288,198,171,92,59,38,14,27,59,120,248,293,5.466666667,3.9,261,322,1.566666667
1227,WTU,350270,Asarum,caudatum,Flowers,N,15,6,2001,166,U.S.A.,Washington,Skamania,407,46.100883,-121.537067,1.4,1.7,5.3,6.4,11.9,13.2,16.8,17.7,15.5,9.1,5.3,1.9,0.6,3,5.2,7.3,11,14.7,17.3,17.2,14.4,9.8,4.6,0.9,73,76,125,78,60,61,17,18,17,149,226,263,213,156,135,79,51,32,11,26,53,101,201,230,7.866666667,7.833333333,263,265,0.033333333
1222,ID,138390,Asarum,caudatum,Flowers,Y,14,6,2001,165,U.S.A.,Washington,Skamania,682,46.05,-121.614933,-0.8,-0.3,3.2,4.8,10.3,11.8,15.7,16.6,14.1,7.4,3.4,0.2,-1.5,1,3.1,5.8,9.4,13.3,16.3,16.2,13.1,8,2.7,-0.7,75,73,124,71,62,64,21,16,14,144,214,262,223,150,138,72,50,31,13,24,49,98,194,224,6.1,6.1,257,260,0
1301,WWB,4357,Asarum,caudatum,Flowers,Y,4,8,1959,216,U.S.A.,Washington,Whatcom,762,48.9093,-121.6417,-0.2,1.1,2.3,5.5,8.1,12.2,15.9,13.5,10.4,7.4,2,1.5,-0.3,1.7,2.7,5.3,8.3,12.1,15.2,15.2,11.6,7.6,3.3,0.2,293,213,236,335,118,161,50,74,268,305,376,312,273,280,174,166,150,132,68,61,119,239,323,341,5.3,5.433333333,689,490,-0.133333333
1213,WTU,399100,Asarum,caudatum,Flowers,N,16,6,2001,167,U.S.A.,Washington,Skamania,931,45.921633,-121.716383,-0.8,-0.4,2.7,3.9,9.4,10.8,14.7,16.1,13.8,7.2,3.1,0.3,-1.3,0.9,2.7,4.9,8.5,12.3,15.4,15.7,12.9,7.9,2.4,-0.6,105,115,176,120,108,122,33,24,18,210,314,398,325,240,206,123,81,55,17,37,71,144,297,331,5.333333333,5.366666667,404,410,-0.033333333
1209,HPSU,16474,Asarum,caudatum,Flowers,N,24,6,1973,175,U.S.A.,Oregon,Clackamas,1555,45.342946,-121.747313,-4.1,-0.7,-0.7,1.9,6.2,8.8,13.8,11.9,10.7,5.4,-1.6,0,-2.8,-1.6,-0.7,1.3,4.8,8.8,13.2,13.3,10.5,5.8,0.5,-2.1,296,79,138,101,97,83,3,43,167,199,841,668,398,271,273,187,137,96,37,58,105,186,370,406,2.466666667,1.8,336,597,0.666666667
1212,WS,339111,Asarum,caudatum,Flowers,N,12,5,1972,133,U.S.A.,Washington,Skamania,335,45.85536,-121.95702,-0.8,2.2,5.8,5.7,13,15.4,19,19.2,13.5,9.5,5.4,-1.5,0.1,2.6,5.3,7.9,11.9,15.6,18.4,18.2,15.2,10.2,4.6,1.2,505,354,350,229,85,46,13,16,161,49,266,538,381,315,245,156,83,55,17,36,83,166,358,410,8.166666667,8.366666667,664,484,-0.2
1203,HPSU,15940,Asarum,caudatum,Flowers,N,28,7,2008,210,U.S.A.,Oregon,Marion,831,44.58205,-121.9841,-0.7,2.2,2,4.3,10.7,13.1,17.6,17.4,14.8,8.4,5.2,-0.7,0,1.9,3.5,5.7,9.7,13.9,17.1,16.8,13.7,8.7,3.8,1,421,137,215,113,80,53,3,37,15,86,239,317,325,225,206,126,98,68,21,32,66,141,319,345,5.666666667,6.3,408,430,-0.633333333
1269,WTU,315812,Asarum,caudatum,Flowers,N,11,5,1940,132,U.S.A.,Washington,King,152,47.584966,-122.161485,4.8,5.9,8.3,10.8,14.1,16.4,17.5,17.4,16.7,13,5.3,5.7,3.3,5.1,6.6,9,12.4,15.4,17.6,17.6,15.1,11.1,6.7,4.1,98,203,148,112,80,16,28,12,75,157,132,121,169,125,119,90,65,54,30,40,65,99,176,180,11.06666667,9.333333333,340,274,1.733333333
1248,WTU,315813,Asarum,caudatum,Flowers,N,11,5,1940,132,U.S.A.,Washington,Pierce,190,46.96432,-122.25391,4.8,6,8.3,10.4,14.3,16.7,17.6,17.8,16.3,12.3,5.3,6,3.1,5,6.3,8.7,12,15.2,17.5,17.5,14.7,10.6,6.4,4,54,197,128,100,65,12,37,17,70,137,105,87,141,105,105,84,63,54,29,38,56,85,146,141,11,9,293,252,2
1202,OSC,NA,Asarum,caudatum,Flowers,N,10,7,2002,191,U.S.A.,Oregon,Linn,584,44.5636,-122.2692,2.7,3.8,2.7,7.1,9,14.4,18.3,17.1,15.2,9.4,5.6,4.9,1.9,3.3,4.1,6.3,9.5,13.7,16.9,17,14.7,10.1,4.9,3.2,473,172,265,215,75,72,5,15,56,46,190,425,383,265,253,176,127,83,28,43,95,184,362,373,6.266666667,6.633333333,555,556,-0.366666667
1198,ID,126457,Asarum,caudatum,Flowers,Y,23,7,1992,205,U.S.A.,Oregon,Jackson,1585,42.4105,-122.3342,0.2,3.2,4.7,7,11.7,14.3,17.2,18.3,13.3,9.6,2.5,-2.1,-1.5,0,1.5,3.9,7.9,12.1,16.4,16.3,12.8,8.1,2.2,-0.9,61,42,43,110,39,80,26,1,24,116,133,244,154,118,142,94,77,43,13,22,44,89,176,180,7.8,4.433333333,192,313,3.366666667
1273,WTU,43615,Asarum,caudatum,Flowers,N,24,4,1929,114,U.S.A.,Washington,King,100,47.63611,-122.365,0,1,7,8,12.4,15.2,17.6,17.5,15.5,13,6.4,5.6,3.9,5.7,7.2,9.3,12.6,15.6,17.7,17.7,15.2,11.4,7.2,4.6,86,58,98,56,40,44,4,29,13,30,39,152,134,99,96,65,45,40,22,28,46,77,142,147,9.133333333,9.7,194,206,-0.566666667
1196,ID,126626,Asarum,caudatum,Flowers,Y,27,6,1994,178,U.S.A.,Oregon,Jackson,1616,42.2945,-122.3931,0.3,-0.9,3.2,5.1,9.4,12,18.6,16,14.5,7.2,-1.2,-0.7,-1.7,-0.2,1.3,3.6,7.8,12,16.2,16.1,12.8,8.1,2.2,-1,47,71,57,45,97,22,2,1,29,42,231,62,117,91,108,74,60,38,11,21,34,74,141,137,5.9,4.233333333,199,242,1.666666667
1211,HPSU,12334,Asarum,caudatum,Flowers,Y,28,4,2006,118,U.S.A.,Oregon,Multnomah,15,45.462319,-122.642122,7,5.5,7.4,11.4,14.9,18.5,20.8,19.5,17.7,11.9,8.1,4.7,4.2,6.6,8.3,10.5,13.8,17.1,19.4,19.5,17,12.5,7.9,4.9,318,76,99,53,64,29,10,4,24,39,345,175,167,123,115,73,59,39,20,28,48,82,159,180,11.23333333,10.86666667,216,247,0.366666667
1195,OSC,NA,Asarum,caudatum,Flowers,N,5,7,1958,186,U.S.A.,Oregon,Jackson,1798.32,42.0865,-122.7173,-0.1,2.6,-0.5,3,10.1,11.6,17.7,18.3,12.7,10.2,3.8,3.1,-0.9,0.1,1.2,3.2,7.4,11.6,16.4,16.3,13.3,8.3,2.9,0.3,259,254,83,28,37,104,27,19,15,15,73,98,145,109,108,62,49,30,9,23,33,59,133,161,4.2,3.933333333,148,219,0.266666667
1252,WTU,345230,Asarum,caudatum,Flowers,N,22,5,1992,143,U.S.A.,Washington,Thurston,30,47.066667,-122.883333,5.7,7.4,9.3,11.1,14.8,17.8,18.8,18.6,14.8,11.7,7,3.6,3.6,5.3,6.7,9.1,12.4,15.6,17.7,17.8,15.1,10.8,6.7,4.2,240,120,34,128,6,32,20,21,53,79,178,136,186,149,133,80,54,44,24,31,62,101,202,206,11.73333333,9.4,168,267,2.333333333
1208,WS,332095,Asarum,caudatum,Flowers,N,8,6,1982,159,U.S.A.,Oregon,Washington,107,45.32806,-122.8875,3.1,5.3,6.8,8,12.8,17.5,18.2,18.8,16.4,12.1,6,4.6,3.8,5.9,7.5,9.6,12.8,16.1,18.6,18.8,16.5,11.9,7.2,4.3,210,203,88,120,16,40,11,29,67,130,146,251,174,128,120,72,59,39,19,27,49,88,175,189,9.2,9.966666667,224,251,-0.766666667
1319,UBC,V217061,Asarum,caudatum,Flowers,N,15,6,2001,166,Canada,British_Columbia,NA,950,50.114722,-122.936111,-1.3,-3.3,0.4,2.6,7.1,10,13.4,13.8,11.3,4.1,1.3,-3.1,-4.2,-1.9,-0.1,3,7,10.8,13.5,13.6,10.7,5,-0.7,-4.1,158,60,144,99,55,72,65,129,60,205,158,223,198,166,132,83,67,58,48,66,86,171,206,208,3.366666667,3.3,298,282,0.066666667
1320,UBC,V27531,Asarum,caudatum,Flowers,N,3,7,1949,184,Canada,British_Columbia,NA,670,50.115081,-122.986662,-6.7,-5,1.6,5.4,10.2,12.1,14.4,14.4,13.7,5.2,4.8,-4.9,-3.2,-0.4,1.6,4.9,9,12.7,15.4,15.4,12.3,6.5,0.7,-3,108,258,62,68,35,56,48,67,37,112,181,209,205,158,125,76,65,52,48,59,77,172,201,205,5.733333333,5.166666667,165,266,0.566666667
1251,WTU,189221,Asarum,caudatum,Flowers,N,10,6,1939,161,U.S.A.,Washington,Thurston,5,47.038011,-123.005646,5.1,3.1,6.1,10.8,12.9,14.9,18,18.3,15.1,11.5,8.6,7.1,3.6,5.3,6.7,9.2,12.4,15.6,17.7,17.8,15.1,10.8,6.7,4.2,211,179,79,16,50,41,30,17,19,80,92,310,196,150,132,82,54,43,23,31,61,103,204,207,9.933333333,9.433333333,145,268,0.5
1210,WS,332085,Asarum,caudatum,Flowers,N,9,6,1982,160,U.S.A.,Oregon,Yamhill,299,45.39611,-123.055,2.2,4.4,5.8,6.9,11.7,16.4,17.2,18.1,15.9,11.4,5.4,3.8,2.9,5,6.5,8.6,11.7,15,17.7,18,15.8,11.2,6.5,3.5,263,261,120,154,17,38,10,29,71,157,192,327,220,166,153,87,61,38,18,27,54,106,222,244,8.133333333,8.933333333,291,301,-0.8
1317,UBC,V236164,Asarum,caudatum,Flowers,Y,28,7,2011,209,Canada,British_Columbia,NA,249,49.94867,-123.0961,0.1,-1.6,2.8,5,9.9,13.7,16,17.1,15.5,7.7,1.9,0.9,-1.5,1.3,3.5,6.9,10.8,14.2,17.1,17.1,13.9,8.2,2.4,-1.4,312,172,267,122,126,56,49,31,80,202,259,117,259,221,186,105,82,59,47,52,91,225,279,257,5.9,7.066666667,515,373,-1.166666667
1315,UBC,V136179,Asarum,caudatum,Flowers,N,25,5,1961,145,Canada,British_Columbia,NA,152,49.8,-123.15,2.8,4.5,5.7,7.9,12.1,16.2,18.5,18.6,12.9,7.8,2.7,0.4,0.4,2.8,4.8,7.8,11.4,14.5,16.8,16.9,13.9,9,3.9,0.5,357,494,199,97,162,36,60,55,84,334,348,309,294,259,220,128,102,70,57,64,109,274,343,318,8.566666667,8,458,450,0.566666667
1201,WS,330058,Asarum,caudatum,Flowers,N,8,5,1971,128,U.S.A.,Oregon,Washington,244,44.05722,-123.2,4.1,5.2,5.4,8.7,12.2,14,18.5,19.3,14.8,10,6.7,4.2,4.2,6.3,7.4,9.6,12.3,15.9,18.5,18.6,16.2,11.9,7.6,4.9,245,145,202,97,61,64,2,16,72,70,247,253,173,134,140,78,55,32,13,22,36,84,194,206,8.766666667,9.766666667,360,273,-1
1206,LINF,4265,Asarum,caudatum,Flowers,Y,7,5,2008,128,U.S.A.,Oregon,Yamhill,158,45.245,-123.277,2.7,5.5,5.6,7.9,13.2,14.7,18.2,18.9,16.9,11.7,8.6,2.9,3.5,5.6,7,9.3,12.3,15.8,18.2,18.5,16.2,11.7,7,4.1,253,117,160,69,22,26,1,39,4,73,183,115,223,172,157,84,58,33,16,21,50,95,221,254,8.9,9.533333333,251,299,-0.633333333
1267,WTU,NA,Asarum,caudatum,Flowers,N,26,5,2015,146,U.S.A.,Washington,Mason,241,47.50024,-123.30921,5.5,8.1,8.3,9,13.3,17.6,20.1,19.5,15.5,14,5.7,5.3,2.6,4.9,5.9,8.3,11.6,14.7,17.3,17.7,15.5,11.2,6.3,3.7,317,301,343,121,23,6,9,111,87,286,546,720,396,316,281,161,90,53,37,51,120,219,405,457,10.2,8.6,487,532,1.6
1207,ID,144059,Asarum,caudatum,Flowers,Y,4,7,1988,186,U.S.A.,Oregon,Yamhill,540,45.3115,-123.4069,1.8,4.1,4.7,7.4,10,12.9,16.4,16.1,14.6,12.2,6.1,3,1.8,3.7,4.8,6.8,10,13.4,16.1,16.6,14.6,9.9,5.2,2.5,442,85,251,156,127,89,9,6,40,33,613,267,389,300,279,150,87,52,21,31,82,170,383,428,7.366666667,7.2,534,516,0.166666667
1272,WTU,94827,Asarum,caudatum,Flowers,N,1,7,1938,182,U.S.A.,Washington,Jefferson,366,47.61574,-123.47372,2.1,2.8,3.9,6.9,9.4,12.3,15.2,14.1,15,9.5,4.3,2.5,1.4,3.5,4.5,6.2,9.1,12.2,15.1,15.6,14,9.4,5,2.3,339,306,587,408,105,22,31,18,161,354,451,614,568,454,425,317,215,112,71,81,210,338,676,629,6.733333333,6.6,1100,957,0.133333333
1204,OSC,NA,Asarum,caudatum,Flowers,N,8,5,1954,128,U.S.A.,Oregon,Polk,106.68,44.7457,-123.5315,3.6,5.7,5.3,8.6,12.4,14.2,16.8,17.5,15.1,11.1,9.4,4.8,3.8,5.8,7.1,9.1,12.1,15.4,17.9,18.2,15.9,11.5,7.2,4.3,462,270,168,135,33,88,18,42,51,148,221,343,300,235,224,118,72,43,17,28,55,125,285,354,8.766666667,9.433333333,336,414,-0.666666667
1199,WS,332156,Asarum,caudatum,Flowers,N,10,6,1982,161,U.S.A.,Oregon,Yamhill,183,43.38889,-123.55222,3.3,5.7,6.9,8.3,12.6,16.4,18.2,19,16.3,12.1,6.5,5.1,4.4,6.4,7.6,9.5,12.5,16.1,18.8,18.9,16.4,12,7.6,5,213,132,117,138,10,41,12,15,52,122,169,268,176,130,120,78,46,24,10,19,36,77,187,195,9.266666667,9.866666667,265,244,-0.6
1266,WTU,16600JWT,Asarum,caudatum,Flowers,N,9,5,1932,130,U.S.A.,Washington,Grays Harbor,61,47.48908,-123.74738,1,2.3,5.6,8,10.3,13.6,14.4,15.9,13.3,9.8,6.5,1.7,2.5,4,5.1,7.6,10.7,13.5,15.8,16.2,14,9.7,5.4,3.1,597,761,691,340,74,71,234,89,83,355,906,887,606,530,471,280,198,111,81,87,187,377,615,678,7.966666667,7.8,1105,949,0.166666667
1310,UBC,V46717,Asarum,caudatum,Flowers,N,18,6,1950,169,Canada,British_Columbia,NA,215,49.1,-124.133333,-4.7,1.7,3.2,5.8,8.9,14.1,16.6,16,13.1,7.4,3.4,4,1.2,2.9,4.5,7.1,10.6,14,16.5,16.7,13.6,8.7,4,1.7,243,255,216,119,38,15,37,70,26,253,198,263,212,177,143,76,57,40,27,40,56,139,227,243,5.966666667,7.4,373,276,-1.433333333
1308,UBC,V74616,Asarum,caudatum,Flowers,N,20,6,1956,172,Canada,British_Columbia,NA,216,49.083333,-124.25,0.7,-0.3,2.2,7.3,11.7,11.9,16.6,16.1,12.5,7.2,2.8,1.8,0.8,2.5,4,6.5,10,13.4,16,16.2,13.1,8.2,3.6,1.2,265,147,255,8,18,100,12,45,141,318,87,304,251,243,179,101,63,42,35,51,75,191,297,306,7.066666667,6.833333333,281,343,0.233333333
1309,UBC,V46716,Asarum,caudatum,Flowers,N,29,7,1950,210,Canada,British_Columbia,NA,210,49.083333,-124.266667,-5.2,1.4,2.8,5.2,8.4,13.7,16.2,15.6,12.8,7,3.1,3.5,0.9,2.6,4.1,6.6,10.2,13.5,16.1,16.3,13.2,8.3,3.7,1.3,288,351,260,165,43,15,47,88,36,345,260,327,248,241,174,100,61,42,34,51,75,186,294,300,5.466666667,6.966666667,468,335,-1.5
1314,UBC,V238574,Asarum,caudatum,Flowers,Y,16,5,2012,137,Canada,British_Columbia,NA,8,49.54212,-124.75748,3.2,4.7,4.7,8.8,11.4,14.4,17.9,18.5,14.4,9.1,7.2,3.2,2.4,3.9,5.6,8.2,11.7,15.1,17.4,17.4,14,9.3,5.1,2.8,206,131,159,57,39,66,30,16,9,199,189,189,178,144,118,62,48,36,30,35,50,134,202,199,8.3,8.5,255,228,-0.2
1313,UBC,V103512,Asarum,caudatum,Flowers,N,15,5,1961,135,Canada,British_Columbia,NA,35,49.283333,-125.216667,3.1,3.4,4.7,7.4,11.4,15.5,18.6,18.7,13.2,7.7,3.2,1.3,1,2.6,4.4,7.3,10.9,14.1,17,17.1,14,8.9,4.2,1.5,689,907,222,150,58,34,23,32,70,337,294,514,467,409,156,126,51,45,31,37,81,355,363,546,7.833333333,7.533333333,430,333,0.3
1325,UBC,V220073,Asarum,caudatum,Flowers,N,25,7,2003,206,Canada,British_Columbia,NA,65,52.40084,-126.559842,2.4,1.3,3.2,7.9,10.6,15.1,16.7,16.1,12.6,8.7,0.6,0.5,-1.8,1,3.8,7.3,11,13.8,16.2,15.9,12.4,7.8,2.2,-1.5,177,58,169,107,56,51,68,74,115,324,92,130,185,121,99,74,57,53,44,76,100,216,194,166,7.233333333,7.366666667,332,230,-0.133333333
1327,UBC,V86091,Asarum,caudatum,Flowers,N,29,6,1954,180,Canada,British_Columbia,NA,61,54.45,-128.65,-9.1,-1,1.4,2.6,10.6,13.6,14.8,16.9,13,6.9,5.5,0.5,-3.8,-0.4,2.8,6.3,10.4,13.9,16.5,16.5,12.4,7,1.2,-2.5,81,184,48,58,43,47,37,47,106,217,227,287,171,125,87,65,48,44,43,60,99,199,163,168,4.866666667,6.5,149,200,-1.633333333
3566613,SRP,77472,Asarum,caudatum,Flowers,Y,15,6,2022,166,U.S.A.,Oregon,Douglas,312,43.23856,-122.93629,6.1,6.3,8.5,7.2,11.1,16.4,21.5,22.1,18.4,14.8,4.9,3.6,3.4,5.4,6.6,8.8,12.4,16.2,19,19,16.3,11.5,6.4,3.9,104,33,98,231,158,124,16,2,29,67,158,221,184,138,162,109,70,46,16,27,50,107,235,219,8.933333333,9.266666667,487,341,-0.333333333
3564531,WTU,,Asarum,caudatum,Flowers,N,26,6,2021,177,U.S.A.,Oregon,Douglas,1500,43.38649,-122.41882,1.2,0,1.5,6.2,8.6,15.3,18.7,17.5,14,7,3.9,0.1,-0.7,0.5,1.1,3.7,7.2,11.5,15.5,15.7,12.9,8,1.9,0.3,207,234,94,21,53,48,8,3,118,141,171,279,251,183,183,127,85,60,22,39,60,125,253,260,5.433333333,4,168,395,1.433333333
3564532,WTU,,Asarum,caudatum,Flowers,N,25,6,2021,176,U.S.A.,Oregon,Lane,1665,43.36764,-122.37333,0.8,-0.3,1.3,6,8.5,15.1,18.5,17.3,13.7,6.6,3.7,-0.4,-1.1,0.2,0.9,3.5,7,11.2,15.2,15.4,12.6,7.6,1.7,-0.2,219,248,95,21,50,46,8,4,115,146,177,292,266,194,186,125,81,58,22,38,59,128,260,274,5.266666667,3.8,166,392,1.466666667
3428571,ID,185660,Asarum,caudatum,Flowers,Y,12,5,2020,133,U.S.A.,Idaho,Boundary,722,48.526417,-116.476739,-0.4,-0.2,2.5,7.2,11.7,15,18.4,19.4,15.6,7.1,2.4,-0.4,-4.2,-1.3,2,6.8,11.2,15.2,18.2,17.7,13,7.1,1.2,-2.7,174,41,43,34,96,60,25,6,32,79,97,82,94,73,64,48,60,55,30,38,41,53,105,106,7.133333333,6.666666667,173,172,0.466666667
3428628,ID,185661,Asarum,caudatum,Flowers,Y,13,5,2020,134,U.S.A.,Idaho,Bonner,924,48.173751,-116.821233,-1.2,-0.9,1.6,5.9,10.4,13.8,17.5,18.4,14.7,6.3,1.3,-1.5,-4.9,-1.8,1.4,5.7,10.1,14.2,17.6,17.1,12.6,6.6,0.6,-3.2,233,56,53,42,142,82,28,8,35,97,114,121,107,84,78,59,71,60,33,42,43,58,119,128,5.966666667,5.733333333,237,208,0.233333333
3437707,ID,185662,Asarum,caudatum,Flowers,Y,27,5,2020,148,U.S.A.,Idaho,Bonner,742,48.24363,-116.777404,-0.9,-0.5,2.1,6.7,11.3,14.7,18.2,19,15.2,6.8,1.8,-1,-4.5,-1.5,1.9,6.5,10.9,15,18.3,17.6,13,7.1,1.1,-2.8,207,48,47,38,122,73,26,7,33,86,102,105,96,77,69,53,63,53,31,37,38,52,107,114,6.7,6.433333333,207,185,0.266666667
3438046,ID,185663,Asarum,caudatum,Flowers,Y,8,6,2020,160,U.S.A.,Idaho,Boundary,710,48.69535,-116.419547,-0.5,-0.3,2.5,7.3,11.9,15.1,18.5,19.6,15.8,7.2,2.4,-0.4,-4.4,-1.4,2,6.8,11.2,15.2,18.3,17.8,13.1,7.1,1.1,-2.9,145,32,35,29,78,52,22,6,28,67,79,69,84,58,51,43,53,51,26,34,37,47,90,94,7.233333333,6.666666667,142,147,0.566666667
3438770,ID,185664,Asarum,caudatum,Flowers,Y,19,6,2020,171,U.S.A.,Idaho,Bonner,755,48.828592,-116.932827,-1.2,-0.3,2.5,7.2,11.7,14.9,18.5,19.7,15.7,7.2,2.1,-0.4,-4.8,-1.5,2,6.7,11,15,18.2,17.8,13,6.9,1,-2.9,161,35,43,27,98,73,28,9,33,73,73,74,86,62,58,50,59,60,34,41,45,49,101,101,7.133333333,6.566666667,168,167,0.566666667
3438805,ID,185575,Asarum,caudatum,Flowers,Y,20,6,2020,172,U.S.A.,Idaho,Boundary,841,48.912476,-116.972556,-1.4,-0.4,2.1,6.7,11,14.1,18,19.3,15.8,7,2.5,-0.4,-5,-1.6,1.7,6.2,10.3,14.3,17.7,17.5,13,6.7,1.2,-3,163,33,41,33,139,103,41,14,48,93,96,80,89,59,54,62,84,88,51,60,68,62,137,110,6.6,6.066666667,213,200,0.533333333
3568981,WTU,,Asarum,caudatum,Flowering,N,8,6,2020,160,U.S.A.,WA,Thurston,59,46.836944,-123.004365,5.7,4.9,6,10,13.8,15.4,17.8,18.4,17.3,11.4,6.8,5.8,3.5,5.3,6.7,9.1,12.3,15.5,17.6,17.7,15,10.9,6.7,4.2,355,142,89,40,73,67,13,19,95,92,231,188,186,141,129,83,55,45,23,33,58,101,191,193,9.933333333,9.366666667,202,267,0.566666667
3256880,ID,180234,Asarum,caudatum,Flowers,Y,2,6,2019,153,U.S.A.,Idaho,Bonner,775,48.316328,-116.778726,-1.2,-6.5,1.4,6.9,12.9,15.4,17.8,18.9,12.8,3.5,1.1,-0.8,-4.7,-1.6,1.8,6.3,10.8,14.8,18.1,17.5,12.9,6.8,0.9,-3,82,96,28,79,52,36,25,33,66,64,31,122,100,79,72,55,67,57,31,39,40,56,113,121,7.066666667,6.3,159,194,0.766666667
3256933,ID,180119,Asarum,caudatum,Flowers,Y,1,6,2019,152,U.S.A.,Idaho,Bonner,781,48.425673,-116.788365,-1.1,-6.5,1.5,7,13.1,15.6,17.9,19,12.8,3.7,1.3,-0.7,-4.7,-1.7,1.7,6.3,10.9,14.9,18.2,17.5,12.9,6.9,0.9,-3,74,86,24,72,41,34,24,28,59,57,28,114,93,74,67,52,61,52,29,36,37,50,104,113,7.2,6.3,137,180,0.9
3256958,ID,180126,Asarum,caudatum,Flowers,Y,31,5,2019,151,U.S.A.,Idaho,Boundary,1074,48.523929,-116.61019,-2,-7.7,0.5,5.1,11.1,13.6,15.9,17.3,11.4,2.4,0.2,-1.7,-5.7,-2.8,0.3,4.4,8.8,12.8,16.2,15.8,11.4,5.4,-0.4,-4.2,80,99,23,74,32,42,29,29,63,64,30,124,109,89,76,56,69,60,33,44,44,61,126,124,5.566666667,4.5,129,201,1.066666667
3256983,ID,180150,Asarum,caudatum,Flowers,Y,31,5,2019,151,U.S.A.,Idaho,Boundary,1045,48.568096,-116.595448,-1.7,-7.4,0.9,5.5,11.4,13.9,16.2,17.7,11.7,2.7,0.6,-1.4,-5.5,-2.6,0.6,4.8,9.1,13,16.5,16.2,11.8,5.7,0,-4,71,93,21,67,27,40,27,27,56,58,27,115,99,85,73,51,66,56,31,42,40,56,115,114,5.933333333,4.833333333,115,190,1.1
3259227,ID,180239,Asarum,caudatum,Flowers,Y,1,7,2019,182,U.S.A.,Idaho,Boundary,1396,48.566135,-116.541318,-2.8,-8.8,-1,3.5,9.3,12,14.5,16.1,10.4,1.3,-1,-2.7,-6.6,-4,-1.3,2.7,7,11.1,14.8,14.6,10.4,4.2,-1.6,-5.3,99,114,25,90,32,51,36,33,78,78,37,154,140,104,88,68,81,71,40,53,57,77,157,154,3.933333333,2.8,147,237,1.133333333
3261635,ID,180240,Asarum,caudatum,Flowers,Y,8,7,2019,189,U.S.A.,Idaho,Bonner,745,48.640658,-116.846153,-0.7,-6.3,2,7.2,13.3,15.8,17.8,19.1,12.7,4,1.6,-0.4,-4.5,-1.6,1.8,6.5,10.9,15,18.1,17.5,12.9,7,1,-2.8,65,73,18,60,28,35,25,22,53,50,24,108,88,68,63,47,57,51,27,34,35,47,97,107,7.5,6.4,106,167,1.1
3449301,WTU,425957,Asarum,caudatum,Flowers,Y,21,5,2019,141,U.S.A.,Washington,Ferry,897,48.61945,-118.22926,-2.1,-6.9,0.5,7,13,15.4,18.3,20,13.6,4.1,0.1,-2.1,-5.4,-2,1.5,6.5,10.9,15,18.7,18.4,13.8,7.2,-0.1,-4.3,67,68,46,54,78,36,30,49,110,53,24,67,63,52,64,41,48,48,29,38,34,43,67,78,6.833333333,6.3,178,153,0.533333333
3546275,ID,192617,Asarum,caudatum,Flowers,Y,30,6,2019,181,U.S.A.,Oregon,Klamath,1115,42.797685,-122.302189,3.4,-1.3,3.3,7.5,10.7,14.5,17.6,18.9,13.1,7.1,6.4,2.2,0.1,1.6,2.6,5.1,8.8,13,17.3,17,13.9,9,3.6,0.8,150,318,81,216,79,11,0,33,97,53,50,127,166,131,141,90,66,39,13,23,38,92,193,188,7.166666667,5.5,376,297,1.666666667
3546307,ID,190264,Asarum,caudatum,Flowers,Y,2,6,2019,153,U.S.A.,Oregon,Linn,456,44.411913,-122.271522,4.9,0.8,5.6,9.5,13.7,16.7,18.7,20,14.8,8.6,7.6,4.2,2.1,4.2,5.9,8.1,11.8,15.8,18.6,18.4,15.5,10.8,5.9,3,154,327,101,314,85,44,12,28,179,92,58,166,276,216,200,132,94,66,22,36,72,137,278,294,9.6,8.6,500,426,1
3546331,ID,190533,Asarum,caudatum,Flowers,Y,11,7,2019,192,U.S.A.,Washington,Grays Harbor,920,47.47766,-123.742563,3.2,-1.4,3.8,6,10.2,11.5,14.6,15.9,13.1,6.9,4.1,2.9,0.6,2.4,3,4.9,8.1,11.3,14.2,14.6,13.2,8.7,3.9,1.7,521,289,97,275,91,66,114,86,338,426,210,705,664,593,522,301,211,114,85,97,201,430,701,753,6.666666667,5.333333333,463,1034,1.333333333
3546340,ID,190306,Asarum,caudatum,Flowers,Y,12,7,2019,193,U.S.A.,Washington,Clallam,377,47.962161,-123.133935,4,-0.6,5.2,7.7,12.1,13.6,16.4,17.5,14.5,8.3,5.5,3.8,1.5,3.4,4.4,6.8,9.9,13,16,16.2,14.3,9.9,5.1,2.4,121,90,34,73,41,36,44,40,119,88,61,161,164,115,104,74,59,50,34,39,58,87,155,178,8.333333333,7.033333333,148,237,1.3
3546400,ID,190456,Asarum,caudatum,Flowers,Y,3,9,2019,246,U.S.A,ID,Latah,2787,47.010887,-116.678139,-4.7,-12,-7,-2.1,4.5,7.7,9.9,11.7,6,-3.1,-4.2,-5.7,-7.8,-7.5,-6.2,-3,2.4,7,10.2,10.2,5.8,0.3,-4.6,-8.1,205,369,105,371,226,166,35,84,174,232,109,231,259,221,207,184,189,166,72,96,123,140,257,290,-1.533333333,-2.266666667,702,580,0.733333333
3546402,ID,192618,Asarum,caudatum,Flowers,Y,17,7,2019,198,U.S.A,MT,Sanders,3567,48.10788,-115.676605,-9.1,-15.4,-9.2,-4.8,0.9,4.3,7.9,9.5,4.5,-4.4,-7.9,-7.6,-12.5,-10.1,-9.1,-5.4,-0.9,3.7,8.1,8.1,4.2,-1.2,-8.4,-10.6,349,556,119,376,121,232,43,66,228,247,113,417,542,381,344,241,299,240,67,96,175,241,489,499,-4.366666667,-5.133333333,616,884,0.766666667
3546419,ID,190382,Asarum,caudatum,Flowers,Y,19,7,2019,200,U.S.A,MT,Mineral,3841,46.874331,-114.813015,-6,-12.5,-8.5,-4.7,0.5,3.9,8.4,9.7,4,-4.9,-5.3,-4.8,-9.6,-8.3,-8.6,-5.5,-1.2,3.3,8.3,8.2,3.3,-1.6,-6.4,-7.4,287,760,171,580,227,126,76,92,218,299,249,244,586,470,425,286,246,188,108,86,163,260,507,517,-4.233333333,-5.1,978,957,0.866666667
3546433,ID,190680,Asarum,caudatum,Flowers,Y,20,7,2019,201,U.S.A,ID,Clearwater,3020,46.731806,-115.309528,-4,-8.6,-4.3,-0.1,5.4,8.6,12.9,14,8.1,-0.9,-2.6,-3.6,-7.5,-5,-4.8,-1,3.4,7.9,12.8,12.4,7.6,2.3,-3.9,-6,196,354,96,340,119,76,20,47,84,161,131,232,419,277,244,168,136,92,39,46,78,128,290,411,0.333333333,-0.8,555,548,1.133333333
3547293,ID,190250,Asarum,caudatum,Flowers,Y,30,7,2019,211,Canada,British Columbia,,791,52.013501,-118.558996,-3.3,-11.5,0.4,3.6,10.8,13.2,14.9,15,9.9,2.3,-0.6,-4.4,-8.6,-4.9,-0.9,3.5,8.9,13,15.5,14.9,9.8,3.7,-3,-7.6,125,37,65,57,10,77,106,49,101,109,152,233,166,116,86,59,49,56,68,60,65,110,155,180,4.933333333,3.833333333,132,194,1.1
3547304,ID,190997,Asarum,caudatum,Flowers,Y,30,7,2019,211,Canada,British Columbia,,476,50.45184,-117.890837,-0.1,-4.3,3.9,7.4,13.9,16.7,17.7,18.4,12.6,5.1,3.1,-0.3,-4.5,-1.6,2.2,7.1,12.1,16.2,18.4,17.7,12.8,6.7,1.1,-3.5,64,53,25,46,14,53,92,50,108,48,67,170,111,71,54,53,46,55,51,51,53,63,94,131,8.4,7.133333333,85,153,1.266666667
3570681,ID,192135,Asarum,caudatum,Flowers,Y,15,5,2019,135,U.S.A.,Idaho,Idaho,1808,46.05213,-115.217968,-2.1,-4.9,-0.8,4,9.1,12.2,16.2,17.2,11.4,1.9,0.2,-1.9,-5.6,-2.9,-1.8,2.8,7,11.6,15.8,15.4,10.6,5,-1.4,-4.4,61,137,48,186,72,65,30,44,71,86,50,64,129,88,94,95,106,95,50,50,63,69,104,113,4.1,2.666666667,306,295,1.433333333
3232876,WTU,419601,Asarum,caudatum,Flowers,Y,22,5,2018,142,U.S.A.,Washington,Grays Harbor,313,47.41298,-123.60605,4.9,2.5,5.1,8.3,13.1,13.9,17.7,17.7,14,10.4,6.6,3.7,2.2,4.2,5.2,7.6,10.9,13.6,16.1,16.6,14.5,10.4,5.4,3.1,800,310,253,529,47,100,9,25,149,310,541,766,601,493,438,259,184,103,73,84,169,345,577,655,8.833333333,7.9,829,881,0.933333333
3253076,WTU,420588,Asarum,caudatum,Flowers,Y,27,6,2018,178,U.S.A.,Idaho,Shoshone,699,47.03416,-115.34964,2.2,-2,3.1,6.6,13.5,14.2,19.4,18.5,12.9,7.4,2.9,-1.2,-2.7,-0.6,1.8,5.9,10,14.4,18.1,17.6,12.6,7.2,1.9,-2,131,158,70,130,72,61,7,19,4,76,157,102,132,91,91,88,80,65,32,39,48,64,112,126,7.733333333,5.9,272,259,1.833333333
3256337,SRP,68776,Asarum,caudatum,Flowers,Y,8,7,2018,189,U.S.A.,Idaho,Benewah,219,47.336139,-116.373111,3,-0.1,5.4,9.5,16.8,17,21.6,20.9,15,10.2,4.7,0.6,-1.7,1.1,4.3,9.1,13.4,17.4,20.3,19.6,15.1,10,3.8,-0.6,80,74,39,56,32,24,2,13,4,34,71,69,69,50,43,34,39,32,19,23,23,31,57,67,10.56666667,8.933333333,127,116,1.633333333
3256338,SRP,68777,Asarum,caudatum,Flowers,Y,22,5,2018,142,U.S.A.,Washington,Grays Harbor,313,47.41298,-123.60605,4.9,2.5,5.1,8.3,13.1,13.9,17.7,17.7,14,10.4,6.6,3.7,2.2,4.2,5.2,7.6,10.9,13.6,16.1,16.6,14.5,10.4,5.4,3.1,800,310,253,529,47,100,9,25,149,310,541,766,601,493,438,259,184,103,73,84,169,345,577,655,8.833333333,7.9,829,881,0.933333333
2810312,ID,174100,Asarum,caudatum,Flowers,Y,20,5,2016,141,U.S.A.,Idaho,Bonner,638,48.292253,-116.554057,0.3,3.1,5.1,11.6,13.6,16.7,18.2,19,13.4,7.7,5.5,-4.7,-3.4,-0.6,2.5,7.2,11.7,15.7,18.8,18,13.5,7.7,1.9,-1.9,105,87,132,29,79,30,34,19,46,259,104,92,101,84,74,51,64,59,33,40,44,58,116,118,10.1,7.133333333,240,189,2.966666667
2864980,SRP,59772,Asarum,caudatum,Flowers,Y,7,6,2016,159,U.S.A.,Oregon,Jackson,1400,42.37839,-122.36064,0.4,3.8,3.6,8.4,10.6,14.6,17.2,19.4,13.6,7.6,5.2,-1.6,-1.1,0.6,2,4.6,8.6,12.7,16.9,16.8,13.4,8.7,2.9,-0.3,211,73,218,98,53,58,18,1,15,277,116,173,132,103,128,86,71,40,12,20,42,80,152,154,7.533333333,5.066666667,369,285,2.466666667
3060257,SRP,61013,Asarum,caudatum,Flowers,Y,15,6,2016,167,U.S.A.,Oregon,Klamath,1473,43.58697,-122.0089,-1.2,2.3,1.8,6.8,8.6,12,14.2,15.9,10.7,5.5,3.8,-4.1,-2.3,-0.9,0.4,2.8,6.5,10.6,14.3,13.9,11,6.4,1.1,-1.5,219,93,198,79,49,53,29,0,17,308,119,271,211,146,144,93,71,54,20,28,50,103,213,228,5.733333333,3.233333333,326,308,2.5
3084977,WTU,420440,Asarum,caudatum,Flowers,Y,9,7,2016,191,U.S.A.,Idaho,Shoshone,830,47.82511,-116.10471,0.6,3,4.2,10.5,12.1,15.6,17.1,18.1,12.5,7.2,5.2,-4.7,-3.1,-0.6,1.7,6,10.3,14.4,17.9,17.3,12.7,7.3,1.8,-2,108,101,147,43,85,43,37,26,63,284,85,111,121,91,83,74,78,68,36,52,57,67,115,130,8.933333333,6,275,235,2.933333333
3093295,WTU,420675,Asarum,caudatum,Flowers,Y,9,7,2016,191,U.S.A.,Idaho,Shoshone,884,47.684871,-115.876866,-0.1,2.4,3.7,10,11.7,15.3,16.9,17.8,12.3,7,4.5,-5.6,-3.8,-1.1,1.2,5.6,9.9,14.1,17.6,17.1,12.4,7,1.2,-2.8,103,107,151,42,73,41,35,18,51,251,82,115,126,94,87,69,67,58,33,40,48,62,117,131,8.466666667,5.566666667,266,223,2.9
3093444,WTU,420649,Asarum,caudatum,Flowers,Y,10,7,2016,192,U.S.A.,Idaho,Shoshone,1465,47.81917,-116.18801,-2.3,0.5,1.2,7.1,8.9,12.3,14.5,15.7,10.3,4.9,2.5,-7.5,-5.9,-3,-1.3,2.6,7.1,11.2,15.2,14.8,10.5,5,-0.9,-4.8,141,125,192,55,108,53,46,30,81,362,109,137,155,113,108,94,101,87,45,60,73,84,145,161,5.733333333,2.8,355,303,2.933333333
3108797,IDS,2017.006,Asarum,caudatum,Flowers,Y,7,6,2016,159,U.S.A.,Oregon,Jackson,1400,42.37839,-122.36064,0.4,3.8,3.6,8.4,10.6,14.6,17.2,19.4,13.6,7.6,5.2,-1.6,-1.1,0.6,2,4.6,8.6,12.7,16.9,16.8,13.4,8.7,2.9,-0.3,211,73,218,98,53,58,18,1,15,277,116,173,132,103,128,86,71,40,12,20,42,80,152,154,7.533333333,5.066666667,369,285,2.466666667
3185956,SRP,63996,Asarum,caudatum,Flowers,Y,20,5,2016,141,U.S.A.,Idaho,Bonner,638,48.292253,-116.554057,0.3,3.1,5.1,11.6,13.6,16.7,18.2,19,13.4,7.7,5.5,-4.7,-3.4,-0.6,2.5,7.2,11.7,15.7,18.8,18,13.5,7.7,1.9,-1.9,105,87,132,29,79,30,34,19,46,259,104,92,101,84,74,51,64,59,33,40,44,58,116,118,10.1,7.133333333,240,189,2.966666667
3256336,SRP,68775,Asarum,caudatum,Flowers,Y,9,7,2016,191,U.S.A.,Idaho,Shoshone,830,47.82511,-116.10471,0.6,3,4.2,10.5,12.1,15.6,17.1,18.1,12.5,7.2,5.2,-4.7,-3.1,-0.6,1.7,6,10.3,14.4,17.9,17.3,12.7,7.3,1.8,-2,108,101,147,43,85,43,37,26,63,284,85,111,121,91,83,74,78,68,36,52,57,67,115,130,8.933333333,6,275,235,2.933333333
3256339,SRP,68778,Asarum,caudatum,Flowers,Y,9,7,2016,191,U.S.A.,Idaho,Shoshone,884,47.684871,-115.876866,-0.1,2.4,3.7,10,11.7,15.3,16.9,17.8,12.3,7,4.5,-5.6,-3.8,-1.1,1.2,5.6,9.9,14.1,17.6,17.1,12.4,7,1.2,-2.8,103,107,151,42,73,41,35,18,51,251,82,115,126,94,87,69,67,58,33,40,48,62,117,131,8.466666667,5.566666667,266,223,2.9
,,,,,,,,,,,,,,,,,,,,,,,,,,,,,,,,,,,,,,,,,,,,,,,,,,,,,,,,,,,,,,,,,,,,,
,,,,,,,,,,,,,,,,,,,,,,,,,,,,,,,,,,,,,,,,,,,,,,,,,,,,,,,,,,,,,,,,,,,,,
