"","Herbarium","Accession","Genus","Phenology","DOY","elev.true","Latitude","Longitude","SpringTemp.Modern","SpringTemp.Historic","SpringPrec.Modern","SpringPrec.Historic","Anomaly","PPT.Anomaly","Year.Collected","Month.Collected","spec.epithet"
"1","WTU","","Clintonia","FLOWER",176,1613,43.40099,-122.1732,8.8,6.1,126,281,2.7,-155,2021,6,"uniflora"
"2","ID","187515","Clintonia","FLOWER",160,647,48.6989,-116.4165,11.7666666666667,11.4666666666667,150,138,0.299999999999999,12,2020,6,"uniflora"
"3","ID","187519","Clintonia","FLOWER",161,602,48.99178,-116.5852,11.9,11.5,139,138,0.4,1,2020,6,"uniflora"
"4","ID","187516","Clintonia","FLOWER",171,756,48.82134,-116.9245,11.1333333333333,10.8,195,166,0.333333333333334,29,2020,6,"uniflora"
"5","ID","187518","Clintonia","FLOWER",174,768,48.76981,-116.8333,11.0666666666667,10.7333333333333,157,135,0.333333333333334,22,2020,6,"uniflora"
"6","ID","187517","Clintonia","FLOWER",181,1148,48.91505,-116.6846,8.36666666666667,7.96666666666667,254,237,0.400000000000001,17,2020,6,"uniflora"
"7","WTU","430207","Clintonia","FLOWER",176,1076,45.78005,-122.167,9.1,8.13333333333333,517,555,0.966666666666667,-38,2020,6,"uniflora"
"8","ID","180129","Clintonia","FLOWER",151,1085,48.5229,-116.6108,9.86666666666667,8.56666666666667,149,186,1.3,-37,2019,5,"uniflora"
"9","ID","180135","Clintonia","FLOWER",150,1058,48.66505,-116.4518,10.3333333333333,8.9,139,188,1.43333333333333,-49,2019,5,"uniflora"
"10","ID","180133","Clintonia","FLOWER",182,1396,48.56614,-116.5413,8.26666666666667,6.93333333333333,173,220,1.33333333333333,-47,2019,7,"uniflora"
"11","ID","180132","Clintonia","FLOWER",182,1057,48.92744,-116.6585,10.0333333333333,8.5,138,207,1.53333333333333,-69,2019,7,"uniflora"
"12","ID","180131","Clintonia","FLOWER",180,1546,48.73215,-116.4731,8,6.56666666666667,178,247,1.43333333333333,-69,2019,6,"uniflora"
"13","ID","180101","Clintonia","FLOWER",178,1351,48.77574,-116.5891,7.93333333333333,6.5,191,268,1.43333333333333,-77,2019,6,"uniflora"
"14","ID","181699","Clintonia","FLOWER",180,1246,48.54068,-116.221,9.23333333333333,7.9,222,282,1.33333333333333,-60,2019,6,"uniflora"
"15","ID","180248","Clintonia","FLOWER",191,1506,48.37782,-116.6932,7.86666666666667,6.7,218,238,1.16666666666667,-20,2019,7,"uniflora"
"16","ID","180102","Clintonia","FLOWER",190,1513,48.4159,-116.7461,7.96666666666667,6.8,210,238,1.16666666666667,-28,2019,7,"uniflora"
"17","ID","180136","Clintonia","FLOWER",189,1458,48.67459,-116.7801,7.73333333333333,6.36666666666667,225,300,1.36666666666667,-75,2019,7,"uniflora"
"18","ID","180104","Clintonia","FLOWER",188,1741,48.62941,-116.7249,6.6,5.26666666666667,269,350,1.33333333333333,-81,2019,7,"uniflora"
"19","ID","180098","Clintonia","FLOWER",187,1318,48.65976,-116.7142,8.33333333333333,6.96666666666667,246,334,1.36666666666667,-88,2019,7,"uniflora"
"20","ID","180103","Clintonia","FLOWER",206,1502,48.87259,-116.748,7.76666666666667,6.3,279,416,1.46666666666667,-137,2019,7,"uniflora"
"21","ID","184149","Clintonia","FLOWER",179,983,48.97109,-116.1435,11.1333333333333,9.6,124,173,1.53333333333333,-49,2019,6,"uniflora"
"22","ID","181589","Clintonia","FLOWER",180,1378,48.93678,-116.1049,8.9,7.33333333333333,154,214,1.56666666666667,-60,2019,6,"uniflora"
"23","ID","184075","Clintonia","FLOWER",181,1043,48.86204,-116.0945,10.5,9.03333333333333,155,205,1.46666666666667,-50,2019,6,"uniflora"
"24","ID","180105","Clintonia","FLOWER",196,1583,48.43369,-116.666,7.36666666666667,6.16666666666667,221,247,1.2,-26,2019,7,"uniflora"
"25","WTU","427686","Clintonia","FLOWER",143,591,48.81885,-118.2164,13.0333333333333,11.9333333333333,143,125,1.1,18,2019,5,"uniflora"
"26","SRP","73199","Clintonia","FLOWER",179,983,48.97109,-116.1435,11.1333333333333,9.6,124,173,1.53333333333333,-49,2019,6,"uniflora"
"27","SRP","73200","Clintonia","FLOWER",181,1043,48.86204,-116.0945,10.5,9.03333333333333,155,205,1.46666666666667,-50,2019,6,"uniflora"
"28","SRP","73201","Clintonia","FLOWER",180,1246,48.54068,-116.221,9.23333333333333,7.9,222,282,1.33333333333333,-60,2019,6,"uniflora"
"29","SRP","73202","Clintonia","FLOWER",180,1378,48.93678,-116.1049,8.9,7.33333333333333,154,214,1.56666666666667,-60,2019,6,"uniflora"
"30","WTU","428567","Clintonia","FLOWER",166,1128,48.53614,-119.8823,9.7,8.13333333333333,131,128,1.56666666666667,3,2019,6,"uniflora"
"31","ID","175531","Clintonia","FLOWER",169,1762,44.78275,-115.8686,8.5,6.53333333333333,235,237,1.96666666666667,-2,2018,6,"uniflora"
"32","SRP","66800","Clintonia","FLOWER",192,1903,44.99028,-115.9593,7.1,5.16666666666667,306,296,1.93333333333333,10,2018,7,"uniflora"
"33","SRP","66861","Clintonia","FLOWER",193,1723,44.92263,-115.9323,8.43333333333333,6.46666666666667,245,241,1.96666666666667,4,2018,7,"uniflora"
"34","IDS","2019.005","Clintonia","FLOWER",193,1667,44.92263,-115.9323,8.66666666666667,6.73333333333333,240,236,1.93333333333333,4,2018,7,"uniflora"
"35","WTU","423392","Clintonia","FLOWER",194,1877,44.93219,-118.2869,7.23333333333333,5.96666666666667,206,161,1.26666666666667,45,2018,7,"uniflora"
"36","SRP","71404","Clintonia","FLOWER",164,1877,44.93219,-118.2869,7.23333333333333,5.96666666666667,206,161,1.26666666666667,45,2018,6,"uniflora"
"37","ID","173984","Clintonia","FLOWER",186,1748,44.93396,-115.9165,7.6,6.4,229,248,1.2,-19,2017,7,"uniflora"
"38","ID","174104","Clintonia","FLOWER",141,638,48.29225,-116.5541,13.9666666666667,11.5333333333333,138,174,2.43333333333334,-36,2016,5,"uniflora"
"39","WTU","418523","Clintonia","FLOWER",190,1552,47.94377,-116.0073,9.06666666666667,6.6,229,294,2.46666666666667,-65,2016,7,"uniflora"
"40","SRP","64104","Clintonia","FLOWER",190,1552,47.94377,-116.0073,9.06666666666667,6.6,229,294,2.46666666666667,-65,2016,7,"uniflora"
"41","SRP","64105","Clintonia","FLOWER",191,884,47.68487,-115.8769,12.3333333333333,9.86666666666667,156,194,2.46666666666667,-38,2016,7,"uniflora"
"42","ID","192382","Clintonia","FLOWER",155,854,46.9835,-116.8214,12.7666666666667,10.6,142,158,2.16666666666667,-16,2016,6,"uniflora"
"43","UBC","V96742","Clintonia","FLOWER",163,732,51.9,-120,9.16666666666667,9.6,182,145,-0.433333333333334,37,1962,6,"uniflora"
"44","MONTU","13378","Clintonia","FLOWER",184,1433,46.942161,-112.905883,8.3,8.26666666666667,68,139,0.0333333333333332,-71,1924,7,"uniflora"
"45","MONTU","97534","Clintonia","FLOWER",203,1600,48.2715,-113.3678,6.46666666666667,6.26666666666667,274,263,0.199999999999999,11,1970,7,"uniflora"
"46","MONTU","71176","Clintonia","FLOWER",198,1494,47.885779,-113.560922,7.13333333333333,7.03333333333333,203,309,0.0999999999999988,-106,1972,7,"uniflora"
"47","MONTU","50425","Clintonia","FLOWER",216,1480,47.189933,-113.706202,6.3,8.16666666666667,171,215,-1.86666666666667,-44,1950,8,"uniflora"
"48","MONTU","21442","Clintonia","FLOWER",212,1677,48.825256,-113.732892,4.26666666666667,4.3,414,375,-0.0333333333333332,39,1933,7,"uniflora"
"49","MONTU","130821","Clintonia","FLOWER",168,1098,47.579,-113.7419,10.5333333333333,9.96666666666667,159,150,0.566666666666666,9,1994,6,"uniflora"
"50","MONTU","93628","Clintonia","FLOWER",186,1098,47.6078,-113.7419,9,10.0333333333333,123,152,-1.03333333333333,-29,1982,7,"uniflora"
"51","MONTU","93613","Clintonia","FLOWER",194,976,47.6656,-113.7419,9.36666666666667,10.5,109,139,-1.13333333333333,-30,1982,7,"uniflora"
"52","MONTU","86309","Clintonia","FLOWER",177,976,47.929115,-113.844821,11.4,10.6666666666667,173,167,0.733333333333334,6,1961,6,"uniflora"
"53","ID","105695","Clintonia","FLOWER",152,960,47.9433,-113.8459,12,10.6666666666667,177,168,1.33333333333333,9,1992,5,"uniflora"
"54","MONTU","21443","Clintonia","FLOWER",196,1372,46.695758,-113.864824,8,8.66666666666667,169,181,-0.666666666666666,-12,1933,7,"uniflora"
"55","MONTU","80089","Clintonia","FLOWER",187,1325,47.7233,-113.8914,6.36666666666667,8.7,250,232,-2.33333333333333,18,1975,7,"uniflora"
"56","MONTU","80089","Clintonia","FLOWER",187,1325,47.7233,-113.8914,6.36666666666667,8.7,250,232,-2.33333333333333,18,1975,7,"uniflora"
"57","MONTU","80089","Clintonia","FLOWER",187,1325,47.7233,-113.8914,6.36666666666667,8.7,250,232,-2.33333333333333,18,1975,7,"uniflora"
"58","MONTU","80089","Clintonia","FLOWER",187,1325,47.7233,-113.8914,6.36666666666667,8.7,250,232,-2.33333333333333,18,1975,7,"uniflora"
"59","MONTU","80089","Clintonia","FLOWER",187,1325,47.7233,-113.8914,6.36666666666667,8.7,250,232,-2.33333333333333,18,1975,7,"uniflora"
"60","MONTU","80089","Clintonia","FLOWER",187,1325,47.7233,-113.8914,6.36666666666667,8.7,250,232,-2.33333333333333,18,1975,7,"uniflora"
"61","MONTU","80089","Clintonia","FLOWER",187,1325,47.7233,-113.8914,6.36666666666667,8.7,250,232,-2.33333333333333,18,1975,7,"uniflora"
"62","MONTU","80089","Clintonia","FLOWER",187,1325,47.7233,-113.8914,6.36666666666667,8.7,250,232,-2.33333333333333,18,1975,7,"uniflora"
"63","MONT","28551","Clintonia","FLOWER",186,970,48.578145,-113.921642,8.76666666666667,9.66666666666667,333,183,-0.9,150,1942,7,"uniflora"
"64","MONTU","36072","Clintonia","FLOWER",172,1220,47.811055,-113.925103,9.06666666666667,9.23333333333333,396,218,-0.166666666666664,178,1948,6,"uniflora"
"65","MONTU","1805","Clintonia","FLOWER",169,1000,47.319099,-113.93149,8.26666666666667,9.16666666666667,276,204,-0.899999999999999,72,1901,6,"uniflora"
"66","MONTU","47927","Clintonia","FLOWER",181,940,48.569135,-113.93623,8.7,9.7,199,175,-1,24,1943,6,"uniflora"
"67","MONTU","15067","Clintonia","FLOWER",182,1100,47.421322,-113.976493,9.26666666666667,9.43333333333333,166,206,-0.166666666666666,-40,1922,7,"uniflora"
"68","MONT","57280","Clintonia","FLOWER",171,1100,48.341578,-113.998889,8.33333333333333,8.86666666666667,164,196,-0.533333333333333,-32,1960,6,"uniflora"
"69","MONTU","33420","Clintonia","FLOWER",186,1270,48.418021,-114.046231,8.43333333333333,8.53333333333333,206,225,-0.0999999999999996,-19,1937,7,"uniflora"
"70","MONTU","45970","Clintonia","FLOWER",184,890,48.001617,-114.050388,10.8666666666667,11.0333333333333,287,155,-0.166666666666666,132,1948,7,"uniflora"
"71","MONTU","33509","Clintonia","FLOWER",168,1050,46.790757,-114.091222,9.73333333333333,10.8,88,119,-1.06666666666666,-31,1935,6,"uniflora"
"72","MONT","64287","Clintonia","FLOWER",185,1159,46.5792,-114.1408,9.36666666666667,10.2333333333333,133,117,-0.866666666666665,16,1967,7,"uniflora"
"73","MONT","26629","Clintonia","FLOWER",165,1067,47.913143,-114.171762,0.866666666666667,0.933333333333334,134,178,-0.066666666666667,-44,1937,6,"uniflora"
"74","MONTU","20083","Clintonia","FLOWER",185,1372,46.765201,-114.267614,7.7,8.46666666666667,211,180,-0.766666666666667,31,1923,7,"uniflora"
"75","MONTU","88831","Clintonia","FLOWER",170,1090,48.782749,-114.279859,8.56666666666667,8.8,150,136,-0.233333333333333,14,1947,6,"uniflora"
"76","MONTU","97535","Clintonia","FLOWER",189,1210,46.8407,-114.4295,8.26666666666667,8.96666666666667,163,149,-0.699999999999999,14,1967,7,"uniflora"
"77","MONTU","123259","Clintonia","FLOWER",181,1311,47.202149,-114.611236,8.16666666666667,8.6,232,179,-0.433333333333334,53,1996,6,"uniflora"
"78","SRP","31015","Clintonia","FLOWER",189,1701,46.658167,-114.958567,6.33333333333333,6.53333333333333,423,319,-0.200000000000001,104,2005,7,"uniflora"
"79","UBC","V221243","Clintonia","FLOWER",188,1082,49.591999,-114.9657734,7.23333333333333,7.4,146,188,-0.166666666666666,-42,1976,7,"uniflora"
"80","ID","133982","Clintonia","FLOWER",151,558,46.044367,-115.283667,11.9333333333333,12,311,234,-0.0666666666666682,77,2005,5,"uniflora"
"81","WTU","303006","Clintonia","FLOWER",154,540,46.053515,-115.309684,11.6,12.2,276,230,-0.599999999999998,46,1954,6,"uniflora"
"82","MONTU","97531","Clintonia","FLOWER",193,1670,48.9412,-115.3378,5.56666666666667,5.8,278,260,-0.233333333333333,18,1971,7,"uniflora"
"83","MONTU","119865","Clintonia","FLOWER",189,1000,48.0742,-115.3869,8.76666666666667,9.26666666666667,106,146,-0.500000000000002,-40,1976,7,"uniflora"
"84","ID","157375","Clintonia","FLOWER",154,533,46.230706,-115.416606,12.2666666666667,11.7,203,230,0.566666666666665,-27,2009,6,"uniflora"
"85","ID","135486","Clintonia","FLOWER",166,1004,47.172167,-115.419,8.66666666666667,8.8,303,237,-0.133333333333333,66,2005,6,"uniflora"
"86","ID","129679","Clintonia","FLOWER",176,762,46.891944,-115.596389,11.0333333333333,10.8333333333333,191,216,0.199999999999999,-25,2003,6,"uniflora"
"87","ID","136617","Clintonia","FLOWER",152,669,46.121,-115.610117,11.9,11.9333333333333,322,248,-0.0333333333333332,74,2005,6,"uniflora"
"88","ID","157244","Clintonia","FLOWER",189,1662,47.038572,-115.640964,7.76666666666667,7.46666666666667,253,251,0.300000000000001,2,2009,7,"uniflora"
"89","ID","170613","Clintonia","FLOWER",170,1500,45.998039,-115.652675,9.96666666666667,7.7,192,305,2.26666666666667,-113,2015,6,"uniflora"
"90","ID","133581","Clintonia","FLOWER",159,1535,47.235417,-115.652917,7.76666666666667,7.2,309,268,0.566666666666666,41,2004,6,"uniflora"
"91","WTU","141984","Clintonia","FLOWER",167,450,46.144153,-115.657411,10.7666666666667,12.1333333333333,282,244,-1.36666666666667,38,1950,6,"uniflora"
"92","SRP","13992","Clintonia","FLOWER",176,1616,44.566667,-115.683333,8.43333333333333,6.86666666666667,142,178,1.56666666666666,-36,1994,6,"uniflora"
"93","ID","170633","Clintonia","FLOWER",171,1416,46.08162,-115.68935,10.8,8.5,185,293,2.3,-108,2015,6,"uniflora"
"94","ID","128574","Clintonia","FLOWER",162,762,47.221983,-115.71505,10.4333333333333,10.3,186,203,0.133333333333335,-17,2003,6,"uniflora"
"95","ID","100545","Clintonia","FLOWER",166,854,48.7093,-115.7433,10.0333333333333,9.3,177,187,0.733333333333334,-10,1989,6,"uniflora"
"96","ID","128579","Clintonia","FLOWER",162,823,47.334933,-115.75695,10.0666666666667,9.96666666666667,191,206,0.0999999999999996,-15,2003,6,"uniflora"
"97","ID","143732","Clintonia","FLOWER",177,1450,47.444944,-115.760883,7.93333333333333,7.06666666666667,195,261,0.866666666666666,-66,2007,6,"uniflora"
"98","WTU","118434","Clintonia","FLOWER",173,976,46.63,-115.80833,9.96666666666667,9.63333333333333,230,216,0.333333333333334,14,1947,6,"uniflora"
"99","ID","170164","Clintonia","FLOWER",185,1763,44.78139,-115.87159,7.43333333333333,6.7,197,237,0.733333333333333,-40,2014,7,"uniflora"
"100","WTU","9397JWT","Clintonia","FLOWER",152,530,45.481973,-115.931284,14.8666666666667,12.8,161,183,2.06666666666666,-22,1936,5,"uniflora"
"101","UBC","V107494","Clintonia","FLOWER",189,890,49.8,-115.95,11.2,10.9333333333333,75,128,0.266666666666666,-53,1944,7,"uniflora"
"102","ID","141460","Clintonia","FLOWER",174,1220,48.976447,-116.059918,9.13333333333333,7.9,181,197,1.23333333333334,-16,1986,6,"uniflora"
"103","RM",NA,"Clintonia","FLOWER",167,1524,44.9554,-116.0758,9.03333333333333,7.83333333333333,148,197,1.2,-49,2000,6,"uniflora"
"104","SRP","42610","Clintonia","FLOWER",172,961,47.76025,-116.106222,10.1,9,343,252,1.1,91,2006,6,"uniflora"
"105","ID","128991","Clintonia","FLOWER",191,860,46.5483,-116.1098,10.8333333333333,11.1666666666667,201,208,-0.333333333333332,-7,2002,7,"uniflora"
"106","ID","126644","Clintonia","FLOWER",153,686,47.287183,-116.122733,11.5666666666667,11.5,134,142,0.0666666666666682,-8,2003,6,"uniflora"
"107","ID","118905","Clintonia","FLOWER",203,1311,46.8548,-116.2381,8.06666666666667,8.53333333333333,405,230,-0.466666666666667,175,1996,7,"uniflora"
"108","ID","132359","Clintonia","FLOWER",170,899,46.954233,-116.312233,10.5,9.7,238,192,0.799999999999999,46,2004,6,"uniflora"
"109","ID","67101","Clintonia","FLOWER",182,823,48.2894,-116.3199,10.6333333333333,10.7,109,189,-0.0666666666666664,-80,1973,7,"uniflora"
"110","ID","143166","Clintonia","FLOWER",164,930,47.334167,-116.377,11.1,10.3666666666667,137,189,0.733333333333333,-52,2007,6,"uniflora"
"111","RM",NA,"Clintonia","FLOWER",182,1387,45.1584,-116.3816,8.43333333333333,9.5,157,177,-1.06666666666667,-20,1999,7,"uniflora"
"112","ID","121023","Clintonia","FLOWER",175,720,47.332,-116.4494,10.5333333333333,11.1,259,166,-0.566666666666666,93,1996,6,"uniflora"
"113","ID","138931","Clintonia","FLOWER",172,1299,47.90485,-116.460817,8.46666666666667,7.46666666666667,363,302,1,61,2006,6,"uniflora"
"114","ID","152131","Clintonia","FLOWER",156,671,48.1295,-116.5148,10.9666666666667,10.9666666666667,92,161,0,-69,1973,6,"uniflora"
"115","WTU","160210","Clintonia","FLOWER",194,1372,48.963645,-116.53169,8.5,6.86666666666667,103,195,1.63333333333333,-92,1936,7,"uniflora"
"116","ID","157323","Clintonia","FLOWER",201,1560,48.694167,-116.62505,5.46666666666667,5.66666666666667,157,275,-0.200000000000001,-118,2009,7,"uniflora"
"117","ID","131419","Clintonia","FLOWER",177,950,46.9271,-116.6385,9.46666666666667,9.9,171,179,-0.433333333333334,-8,2002,6,"uniflora"
"118","ID","138662","Clintonia","FLOWER",193,1880,48.677258,-116.654572,5.56666666666667,4.6,458,373,0.966666666666667,85,2006,7,"uniflora"
"119","ID","140819","Clintonia","FLOWER",193,1159,48.7565,-116.7325,8.1,7.83333333333333,159,270,0.266666666666667,-111,2007,7,"uniflora"
"120","ID","92227","Clintonia","FLOWER",161,854,48.3176,-116.7952,10.2333333333333,10.1666666666667,171,186,0.0666666666666664,-15,1930,6,"uniflora"
"121","ID","129761","Clintonia","FLOWER",184,854,46.8094,-116.7978,10.1,10.4333333333333,154,169,-0.333333333333332,-15,2002,7,"uniflora"
"122","ID","45577","Clintonia","FLOWER",177,750,48.741871,-116.837167,10.4,10.7333333333333,120,150,-0.333333333333334,-30,1965,6,"uniflora"
"123","WTU","102287","Clintonia","FLOWER",201,1235,48.47972,-116.84833,7.16666666666667,8,126,212,-0.833333333333333,-86,1933,7,"uniflora"
"124","ID","136449","Clintonia","FLOWER",153,948,47.058661,-116.865964,10.9666666666667,10.0666666666667,190,175,0.9,15,2004,6,"uniflora"
"125","ID","163804","Clintonia","FLOWER",159,1010,46.838119,-116.873083,8.53333333333333,9.9,303,181,-1.36666666666667,122,2010,6,"uniflora"
"126","ID","125973","Clintonia","FLOWER",170,854,46.8239,-116.8812,9.66666666666667,10,159,174,-0.333333333333334,-15,2002,6,"uniflora"
"127","ID","41332","Clintonia","FLOWER",186,720,48.451521,-116.900024,10.5,11,177,157,-0.5,20,1959,7,"uniflora"
"128","ID","157751","Clintonia","FLOWER",175,1083,48.990872,-116.937683,8.26666666666667,8.46666666666667,152,265,-0.200000000000001,-113,2009,6,"uniflora"
"129","MONT","81979","Clintonia","FLOWER",170,853,48.595,-116.9682,8.46666666666667,10.2333333333333,218,160,-1.76666666666667,58,1955,6,"uniflora"
"130","MONT","81978","Clintonia","FLOWER",184,853,48.595,-116.9682,9.1,10.2333333333333,118,160,-1.13333333333333,-42,1950,7,"uniflora"
"131","UBC","V157052","Clintonia","FLOWER",194,1220,49.956675,-116.975336,7.4,8.2,118,198,-0.800000000000002,-80,1975,7,"uniflora"
"132","ID","39540","Clintonia","FLOWER",173,860,48.821145,-116.981308,11.8666666666667,10.0333333333333,269,219,1.83333333333333,50,1958,6,"uniflora"
"133","EWU","6230","Clintonia","FLOWER",190,1110,48.714029,-116.999741,8.96666666666667,8.53333333333333,199,194,0.433333333333334,5,1995,7,"uniflora"
"134","WTU","406877","Clintonia","FLOWER",202,887,48.88888,-117.09759,9.3,9.73333333333333,345,244,-0.433333333333334,101,2012,7,"uniflora"
"135","UBC","V67098","Clintonia","FLOWER",199,1463,49.59,-117.1,7.83333333333333,6.76666666666667,190,253,1.06666666666667,-63,1957,7,"uniflora"
"136","WTU","291511","Clintonia","FLOWER",169,1220,46.062608,-117.13139,10.8,9.86666666666667,110,138,0.933333333333332,-28,1949,6,"uniflora"
"137","UBC","V140719","Clintonia","FLOWER",201,1067,50.033333,-117.133333,7.76666666666667,8.7,191,207,-0.933333333333335,-16,1972,7,"uniflora"
"138","WTU","407521","Clintonia","FLOWER",204,1713,48.91724,-117.13914,4.43333333333333,4.83333333333333,469,345,-0.399999999999999,124,2012,7,"uniflora"
"139","WTU","406832","Clintonia","FLOWER",203,1670,48.80119,-117.231037,4.7,5.1,374,297,-0.4,77,2012,7,"uniflora"
"140","UBC","V24938","Clintonia","FLOWER",177,1524,49.5,-117.283333,8.53333333333333,7.33333333333333,129,228,1.2,-99,1940,6,"uniflora"
"141","UBC","V24935","Clintonia","FLOWER",197,1220,49.5,-117.283333,8.6,8.76666666666667,220,210,-0.166666666666668,10,1937,7,"uniflora"
"142","UBC","V96799","Clintonia","FLOWER",173,700,50.516667,-117.283333,10.1,10.5,135,139,-0.4,-4,1962,6,"uniflora"
"143","WTU","171130","Clintonia","FLOWER",177,915,48.975,-117.35,9.16666666666667,10.1666666666667,282,210,-1,72,1953,6,"uniflora"
"144","WTU","360600","Clintonia","FLOWER",202,1744,45.250517,-117.37495,4.6,4.3,212,282,0.3,-70,2002,7,"uniflora"
"145","WTU","35644","Clintonia","FLOWER",169,1128,47.65889,-117.425,12.8,10.9,97,112,1.9,-15,1936,6,"uniflora"
"146","WTU","24847JWT-B","Clintonia","FLOWER",172,915,47.65889,-117.425,12.0333333333333,11.7,119,110,0.333333333333332,9,1932,6,"uniflora"
"147","WTU","99605","Clintonia","FLOWER",188,1296,48.90944,-117.58639,7.6,8.23333333333333,117,228,-0.633333333333334,-111,1933,7,"uniflora"
"148","WTU","99604","Clintonia","FLOWER",188,976,48.944832,-117.594803,9.26666666666667,9.93333333333333,98,189,-0.666666666666664,-91,1933,7,"uniflora"
"149","RM",NA,"Clintonia","FLOWER",208,1159,46.011667,-117.5975,11.1333333333333,11.1333333333333,126,135,-1.77635683940025e-15,-9,2002,7,"uniflora"
"150","RM",NA,"Clintonia","FLOWER",175,1250,45.9425,-117.628889,10.1666666666667,10.6,183,149,-0.433333333333334,34,2001,6,"uniflora"
"151","RM",NA,"Clintonia","FLOWER",177,1220,48.8955,-117.6621,8.23333333333333,8.93333333333333,309,192,-0.699999999999999,117,1996,6,"uniflora"
"152","RM",NA,"Clintonia","FLOWER",175,991,48.5761,-117.6815,9.96666666666667,9.46666666666667,187,179,0.5,8,1995,6,"uniflora"
"153","RM",NA,"Clintonia","FLOWER",175,1402,45.928611,-117.72,9.06666666666667,9.56666666666667,199,158,-0.5,41,2001,6,"uniflora"
"154","WTU","386325","Clintonia","FLOWER",178,884,48.6485,-117.7248,10.4333333333333,9.93333333333333,189,192,0.5,-3,1995,6,"uniflora"
"155","RM",NA,"Clintonia","FLOWER",196,1433,48.7216,-117.764,8.36666666666667,7.86666666666667,241,253,0.5,-12,1995,7,"uniflora"
"156","ID","108192","Clintonia","FLOWER",158,817,48.7662,-117.8075,12.1333333333333,10.3333333333333,177,153,1.8,24,1992,6,"uniflora"
"157","RM",NA,"Clintonia","FLOWER",159,1037,46.132444,-117.809,9.8,10.4,258,185,-0.600000000000001,73,2001,6,"uniflora"
"158","RM",NA,"Clintonia","FLOWER",156,732,48.2287,-117.8547,10.8666666666667,11.7333333333333,180,118,-0.866666666666669,62,1996,6,"uniflora"
"159","UBC","V109005","Clintonia","FLOWER",187,945,50.116667,-117.9,9.26666666666667,10.0666666666667,177,179,-0.800000000000001,-2,1959,7,"uniflora"
"160","WCW","17997","Clintonia","FLOWER",158,695,45.983333,-118.066667,12,12.1,178,205,-0.0999999999999996,-27,2002,6,"uniflora"
"161","UBC","V47059","Clintonia","FLOWER",187,1220,51.05,-118.133333,6.9,7.66666666666667,214,218,-0.766666666666667,-4,1953,7,"uniflora"
"162","UBC","V66625","Clintonia","FLOWER",160,457,49.783333,-118.15,12.8,11.8666666666667,97,158,0.933333333333332,-61,1957,6,"uniflora"
"163","UBC","V84891","Clintonia","FLOWER",170,470,49.783333,-118.15,11.1333333333333,11.7666666666667,148,158,-0.633333333333333,-10,1960,6,"uniflora"
"164","UBC","V219191","Clintonia","FLOWER",167,445,49.036033,-118.20313,12,12.9666666666667,204,129,-0.966666666666667,75,1996,6,"uniflora"
"165","UBC","V84863","Clintonia","FLOWER",172,715,49.95,-118.216667,9.76666666666667,10.4333333333333,154,166,-0.666666666666666,-12,1960,6,"uniflora"
"166","RM",NA,"Clintonia","FLOWER",197,1463,45.600556,-118.2425,6.86666666666667,7.6,219,199,-0.733333333333333,20,2001,7,"uniflora"
"167","RM",NA,"Clintonia","FLOWER",186,1433,48.8074,-118.3618,8.53333333333333,8.03333333333333,140,152,0.5,-12,1995,7,"uniflora"
"168","RM",NA,"Clintonia","FLOWER",204,1707,48.6051,-118.488,7.33333333333333,6.93333333333333,162,169,0.4,-7,1995,7,"uniflora"
"169","WTU","349626","Clintonia","FLOWER",191,1555,48.501308,-118.576813,6.63333333333333,7.63333333333333,123,157,-1,-34,1999,7,"uniflora"
"170","RM",NA,"Clintonia","FLOWER",191,1372,44.8775,-118.648333,7.6,8.26666666666667,111,129,-0.666666666666667,-18,2001,7,"uniflora"
"171","RM",NA,"Clintonia","FLOWER",160,1402,48.9792,-118.6684,8.13333333333333,7.66666666666667,141,146,0.466666666666666,-5,1995,6,"uniflora"
"172","RM",NA,"Clintonia","FLOWER",179,1098,48.8074,-118.7122,8.16666666666667,9.33333333333333,169,123,-1.16666666666667,46,1996,6,"uniflora"
"173","RM",NA,"Clintonia","FLOWER",180,1250,45.300556,-118.741111,7.2,8.06666666666667,150,157,-0.866666666666666,-7,2001,6,"uniflora"
"174","RM",NA,"Clintonia","FLOWER",181,1037,44.869444,-118.775833,10.1333333333333,10.1666666666667,142,121,-0.0333333333333332,21,2002,6,"uniflora"
"175","RM",NA,"Clintonia","FLOWER",154,1067,48.5032,-118.8146,9.96666666666667,9.7,108,116,0.266666666666666,-8,1995,6,"uniflora"
"176","WTU","351781","Clintonia","FLOWER",192,1140,48.512222,-118.847222,8.4,9.43333333333333,83,114,-1.03333333333333,-31,1999,7,"uniflora"
"177","UBC","V36103","Clintonia","FLOWER",176,640,50.4,-118.916667,10.1333333333333,10.9666666666667,83,147,-0.833333333333334,-64,1950,6,"uniflora"
"178","WTU","96903","Clintonia","FLOWER",190,1128,48.78529,-119.12223,8.23333333333333,8.7,100,124,-0.466666666666667,-24,1921,7,"uniflora"
"179","UBC","V139719","Clintonia","FLOWER",193,1355,50.108293,-119.158142,5.56666666666667,6.9,152,172,-1.33333333333333,-20,1935,7,"uniflora"
"180","WTU","154091","Clintonia","FLOWER",209,1677,44.3426,-119.3444,5.63333333333333,8.06666666666667,187,109,-2.43333333333333,78,1953,7,"uniflora"
"181","RM",NA,"Clintonia","FLOWER",166,854,44.947778,-119.708611,12.3666666666667,12.3333333333333,94,96,0.0333333333333314,-2,2002,6,"uniflora"
"182","UBC","V236204","Clintonia","FLOWER",173,1103,49.78313,-119.7149,8.83333333333333,9.56666666666667,150,103,-0.733333333333333,47,2010,6,"uniflora"
"183","UBC","V24945","Clintonia","FLOWER",193,1220,53.3,-120.166667,7.06666666666667,6.83333333333333,186,196,0.233333333333334,-10,1946,7,"uniflora"
"184","WTU","349721","Clintonia","FLOWER",161,600,44.700174,-120.283522,14.8666666666667,13.8333333333333,50,85,1.03333333333333,-35,2000,6,"uniflora"
"185","WTU","14905JWT","Clintonia","FLOWER",170,560,47.462899,-120.661069,11.8333333333333,12.3333333333333,43,81,-0.5,-38,1935,6,"uniflora"
"186","WTU",NA,"Clintonia","FLOWER",206,1527,48.504178,-120.733903,5.7,5.13333333333333,178,208,0.566666666666667,-30,2003,7,"uniflora"
"187","UBC","V59780","Clintonia","FLOWER",189,1372,49.033333,-120.75,5.9,5.66666666666667,85,153,0.233333333333334,-68,1956,7,"uniflora"
"188","UBC","V104545","Clintonia","FLOWER",194,1220,49.066667,-120.783333,5.73333333333333,6.23333333333333,110,146,-0.500000000000001,-36,1960,7,"uniflora"
"189","WTU","189342","Clintonia","FLOWER",172,762,47.78111,-120.84194,9.23333333333333,9.66666666666667,175,111,-0.433333333333334,64,1948,6,"uniflora"
"190","UBC","V86165","Clintonia","FLOWER",188,1280,49.049699,-120.84214,5.83333333333333,5.8,85,144,0.0333333333333332,-59,1951,7,"uniflora"
"191","WTU","372380","Clintonia","FLOWER",190,1394,47.44125,-120.939783,7.03333333333333,6.16666666666667,243,189,0.866666666666667,54,2006,7,"uniflora"
"192","WTU","370485","Clintonia","FLOWER",171,1061,47.096067,-120.99185,8.3,8.03333333333333,142,177,0.266666666666666,-35,2007,6,"uniflora"
"193","WTU","392903","Clintonia","FLOWER",195,1220,47.1252,-121.0357,7.1,7.13333333333333,259,195,-0.0333333333333323,64,2012,7,"uniflora"
"194","WWB","18474","Clintonia","FLOWER",193,1067,48.466887,-121.059959,8.6,8,280,278,0.6,2,1969,7,"uniflora"
"195","NOCA",NA,"Clintonia","FLOWER",165,477,48.678283,-121.081383,10.4333333333333,10.6666666666667,181,215,-0.233333333333333,-34,2002,6,"uniflora"
"196","EWU","2928","Clintonia","FLOWER",165,1189,46.2404,-121.136797,8.76666666666667,7.9,131,95,0.866666666666668,36,1961,6,"uniflora"
"197","WTU","353805","Clintonia","FLOWER",194,716,48.92,-121.148333,8.83333333333333,9.03333333333333,195,230,-0.199999999999999,-35,2002,7,"uniflora"
"198","WTU","314145","Clintonia","FLOWER",158,579,47.707091,-121.191013,10,8.46666666666667,276,343,1.53333333333333,-67,1987,6,"uniflora"
"199","WWB","13797","Clintonia","FLOWER",220,915,48.11833,-121.19333,8.2,8.46666666666667,376,395,-0.266666666666666,-19,1970,8,"uniflora"
"200","UBC","V52867","Clintonia","FLOWER",158,457,49.45,-121.25,10.4,9.9,158,259,0.5,-101,1949,6,"uniflora"
"201","WTU","344508","Clintonia","FLOWER",168,854,47.275,-121.325,10.2666666666667,7.6,296,286,2.66666666666667,10,1992,6,"uniflora"
"202","WTU","270791","Clintonia","FLOWER",214,1005,46.431596,-121.333688,7,6.3,113,142,0.7,-29,1977,8,"uniflora"
"203","WTU","153426","Clintonia","FLOWER",234,1524,46.15979,-121.39964,4.83333333333333,5.63333333333333,174,155,-0.800000000000001,19,1954,8,"uniflora"
"204","UBC","V63651","Clintonia","FLOWER",167,610,51.983333,-121.416667,10.6333333333333,9.83333333333333,81,115,0.800000000000001,-34,1949,6,"uniflora"
"205","WTU","25415JWT","Clintonia","FLOWER",167,1220,47.61028,-121.42556,8.9,6.8,315,518,2.1,-203,1934,6,"uniflora"
"206","WTU","351410","Clintonia","FLOWER",195,1090,47.337,-121.4332,6.06666666666667,6.66666666666667,522,434,-0.600000000000001,88,2001,7,"uniflora"
"207","UBC","V52868","Clintonia","FLOWER",167,1080,52.009146,-121.45143,8.06666666666667,7.7,92,129,0.366666666666666,-37,1949,6,"uniflora"
"208","WTU","24848JWT","Clintonia","FLOWER",199,915,48.06829,-121.47068,8.9,8.56666666666667,412,581,0.333333333333334,-169,1932,7,"uniflora"
"209","WTU","351419","Clintonia","FLOWER",195,762,47.3224,-121.4756,6.33333333333333,6.96666666666667,526,434,-0.633333333333333,92,2001,7,"uniflora"
"210","WTU","119476","Clintonia","FLOWER",231,2000,46.20255,-121.4908,2.46666666666667,2.96666666666667,231,330,-0.5,-99,1909,8,"uniflora"
"211","WTU","21748JWT","Clintonia","FLOWER",167,579,48.068056,-121.508333,11.6,10.2666666666667,486,590,1.33333333333333,-104,1940,6,"uniflora"
"212","ID","144770","Clintonia","FLOWER",166,1018,46.084983,-121.531383,7.76666666666667,8.26666666666667,207,169,-0.5,38,2001,6,"uniflora"
"213","WTU","350923","Clintonia","FLOWER",195,1113,47.29615,-121.534167,6.86666666666667,7.5,513,418,-0.633333333333333,95,2001,7,"uniflora"
"214","WWB","3923","Clintonia","FLOWER",212,915,48.95194,-121.636071,7,7.5,423,487,-0.5,-64,1962,7,"uniflora"
"215","ID","135443","Clintonia","FLOWER",174,488,47.362222,-121.643889,8.96666666666667,9.6,542,440,-0.633333333333333,102,2001,6,"uniflora"
"216","WTU","24846JWT","Clintonia","FLOWER",206,1220,48.863,-121.68105,5.93333333333333,6.06666666666667,335,477,-0.133333333333334,-142,1930,7,"uniflora"
"217","UBC","V215713","Clintonia","FLOWER",204,1440,49.174167,-121.683333,6.23333333333333,5.3,613,414,0.933333333333334,199,1997,7,"uniflora"
"218","ID","135150","Clintonia","FLOWER",174,1037,47.4097,-121.7726,6.8,7.46666666666667,711,578,-0.666666666666666,133,2001,6,"uniflora"
"219","WTU","306103","Clintonia","FLOWER",196,1067,47.52889,-121.82417,8.53333333333333,6.5,477,693,2.03333333333333,-216,1934,7,"uniflora"
"220","WTU","412027","Clintonia","FLOWER",193,1651,43.97501,-121.85798,6.63333333333333,5.6,319,334,1.03333333333333,-15,2013,7,"uniflora"
"221","WTU","351103","Clintonia","FLOWER",174,427,47.424722,-121.864167,9.86666666666667,10.5,507,409,-0.633333333333333,98,2001,6,"uniflora"
"222","UBC","V73393","Clintonia","FLOWER",174,605,54.114554,-122.058802,9.46666666666667,8.96666666666667,115,164,0.5,-49,1926,6,"uniflora"
"223","UBC","V229798","Clintonia","FLOWER",150,610,54.112605,-122.06053,8.33333333333333,8.93333333333333,158,165,-0.6,-7,1959,5,"uniflora"
"224","UBC","V229736","Clintonia","FLOWER",166,610,54.112605,-122.06053,9.33333333333333,8.93333333333333,156,165,0.4,-9,1957,6,"uniflora"
"225","WTU","314687","Clintonia","FLOWER",179,945,48.39028,-122.10583,8.26666666666667,8.16666666666667,738,573,0.100000000000001,165,1988,6,"uniflora"
"226","WTU","186679","Clintonia","FLOWER",198,1280,44.3945,-122.1367,6.83333333333333,7.83333333333333,373,447,-1,-74,1954,7,"uniflora"
"227","ID","108555","Clintonia","FLOWER",188,1585,42.3235,-122.1969,7.33333333333333,7.16666666666667,375,186,0.166666666666666,189,1993,7,"uniflora"
"228","UBC","V37605","Clintonia","FLOWER",171,600,54.1,-122.278635,8.63333333333333,9.1,123,154,-0.466666666666667,-31,1952,6,"uniflora"
"229","UBC","V48849","Clintonia","FLOWER",165,500,53.686362,-122.714454,9.46666666666667,9.8,154,129,-0.333333333333334,25,1953,6,"uniflora"
"230","UBC","V86252","Clintonia","FLOWER",186,884,49.365713,-122.948341,7.43333333333333,7.33333333333333,481,545,0.100000000000001,-64,1960,7,"uniflora"
"231","UBC","V97670","Clintonia","FLOWER",202,930,49.366667,-122.95,7.13333333333333,7.03333333333333,494,559,0.0999999999999988,-65,1960,7,"uniflora"
"232","UBC","V97671","Clintonia","FLOWER",208,915,49.366667,-122.95,7.3,7.13333333333333,652,554,0.166666666666667,98,1959,7,"uniflora"
"233","UBC","V88167","Clintonia","FLOWER",211,650,49.366667,-122.95,8.86666666666667,8.76666666666667,351,466,0.0999999999999996,-115,1949,7,"uniflora"
"234","UBC","V27523","Clintonia","FLOWER",179,671,50.116895,-122.981521,9.23333333333333,8.83333333333333,158,192,0.399999999999999,-34,1949,6,"uniflora"
"235","UBC","V161993","Clintonia","FLOWER",197,585,49.957689,-123.1203,8.03333333333333,8.83333333333333,214,260,-0.800000000000001,-46,1976,7,"uniflora"
"236","UBC","V157730","Clintonia","FLOWER",210,1037,49.4,-123.183333,5.36666666666667,6.26666666666667,254,475,-0.899999999999999,-221,1975,7,"uniflora"
"237","UBC","V157730","Clintonia","FLOWER",210,1037,49.4,-123.183333,5.36666666666667,6.26666666666667,254,475,-0.899999999999999,-221,1975,7,"uniflora"
"238","UBC","V157730","Clintonia","FLOWER",210,1037,49.4,-123.183333,5.36666666666667,6.26666666666667,254,475,-0.899999999999999,-221,1975,7,"uniflora"
"239","UBC","V157730","Clintonia","FLOWER",210,1037,49.4,-123.183333,5.36666666666667,6.26666666666667,254,475,-0.899999999999999,-221,1975,7,"uniflora"
"240","UBC","V157730","Clintonia","FLOWER",210,1037,49.4,-123.183333,5.36666666666667,6.26666666666667,254,475,-0.899999999999999,-221,1975,7,"uniflora"
"241","UBC","V157730","Clintonia","FLOWER",210,1037,49.4,-123.183333,5.36666666666667,6.26666666666667,254,475,-0.899999999999999,-221,1975,7,"uniflora"
"242","UBC","V157730","Clintonia","FLOWER",210,1037,49.4,-123.183333,5.36666666666667,6.26666666666667,254,475,-0.899999999999999,-221,1975,7,"uniflora"
"243","UBC","V157730","Clintonia","FLOWER",210,1037,49.4,-123.183333,5.36666666666667,6.26666666666667,254,475,-0.899999999999999,-221,1975,7,"uniflora"
"244","WTU","194250","Clintonia","FLOWER",200,762,47.63055,-123.1837,7.93333333333333,8.06666666666667,511,319,-0.133333333333336,192,1948,7,"uniflora"
"245","WTU","135006","Clintonia","FLOWER",148,610,47.474604,-123.21331,9.2,9.8,268,319,-0.599999999999998,-51,1950,5,"uniflora"
"246","WTU","409145","Clintonia","FLOWER",186,762,47.516817,-123.538367,9.66666666666667,8.23333333333333,1019,740,1.43333333333333,279,2013,7,"uniflora"
"247","WTU","96181","Clintonia","FLOWER",205,183,48.09472,-123.80583,10.0333333333333,10.4333333333333,133,166,-0.4,-33,1904,7,"uniflora"
"248","UBC","V24943","Clintonia","FLOWER",204,1471,54.5,-124.333333,2.33333333333333,4.2,180,152,-1.86666666666667,28,1945,7,"uniflora"
"249","UBC","V46164","Clintonia","FLOWER",155,305,50.35,-125.1,10.5666666666667,10.1333333333333,271,355,0.433333333333334,-84,1944,6,"uniflora"
"250","UBC","V24942","Clintonia","FLOWER",190,1220,53.983333,-126.433333,6.8,5.83333333333333,108,102,0.966666666666667,6,1944,7,"uniflora"
"251","UBC","V60290","Clintonia","FLOWER",198,915,54.816667,-127.283333,5.7,5.36666666666667,197,152,0.333333333333334,45,1957,7,"uniflora"
"252","UBC","V167670","Clintonia","FLOWER",201,650,50.2,-127.5,7.6,7.46666666666667,649,705,0.133333333333335,-56,1979,7,"uniflora"
"253","UBC","V168646","Clintonia","FLOWER",162,762,50.5,-127.516667,7.66666666666667,7.26666666666667,429,634,0.4,-205,1978,6,"uniflora"
"254","UBC","V24941","Clintonia","FLOWER",176,40,52.35,-127.7,9.7,9.23333333333333,456,707,0.466666666666669,-251,1944,6,"uniflora"
"255","UBC","V37606","Clintonia","FLOWER",177,200,55.013516,-128.316742,8.6,9.83333333333333,126,98,-1.23333333333333,28,1952,6,"uniflora"
"256","UBC","V86096","Clintonia","FLOWER",171,61,54.516667,-128.633333,8.86666666666667,10.1333333333333,144,151,-1.26666666666667,-7,1954,6,"uniflora"
"257","UBC","V71099","Clintonia","FLOWER",204,213,54.526547,-128.672644,8.3,9.5,259,159,-1.2,100,1952,7,"uniflora"
"258","UBC","V144934","Clintonia","FLOWER",182,152,55.3504,-128.93676,9.33333333333333,10.1333333333333,100,109,-0.800000000000001,-9,1973,7,"uniflora"
"259","UBC","V116751","Clintonia","FLOWER",162,200,55.333333,-129.083333,9.03333333333333,9.63333333333333,105,119,-0.600000000000001,-14,1966,6,"uniflora"
