"","Herbarium","Accession","Genus","Species","Phenology","Day","Month","Year","DOY","Country","State_Province","County","Elevation_m","Latitude","Longitude","Mean_Tave01","Mean_Tave02","Mean_Tave03","Mean_Tave04","Mean_Tave05","Mean_Tave06","Mean_Tave07","Mean_Tave08","Mean_Tave09","Mean_Tave10","Mean_Tave11","Mean_Tave12","Mean_PPT01","Mean_PPT02","Mean_PPT03","Mean_PPT04","Mean_PPT05","Mean_PPT06","Mean_PPT07","Mean_PPT08","Mean_PPT09","Mean_PPT10","Mean_PPT11","Mean_PPT12","Tave01","Tave02","Tave03","Tave04","Tave05","Tave06","Tave07","Tave08","Tave09","Tave10","Tave11","Tave12","PPT01","PPT02","PPT03","PPT04","PPT05","PPT06","PPT07","PPT08","PPT09","PPT10","PPT11","PPT12","Month_str","Mean_DOY","Mean_Tave_Spring","Mean_PPT_Spring","Tave_Spring","PPT_Spring","Spring_T_Anomaly"
"1","ID","192674","Trillium","ovatum","Vegetative",10,8,2022,222,"U.S.A.","Idaho","Idaho",994.2576,46.248249,-114.712558,-4.5,-1.7,1,5.6,9.7,14.3,18,17.2,12.2,6.6,0.2,-3.8,135,83,77,71,86,80,38,38,55,70,105,116,-4.8,-0.2,4.6,6.2,11.6,15.6,21.3,19.6,13.4,6.4,1.7,-2.2,71,153,165,75,54,90,9,4,52,84,132,135,"August",148.347826086957,5.43333333333333,234,7.46666666666667,294,2.03333333333333
"2","ID","185875","Trillium","ovatum","Flowering",29,4,2020,120,"U.S.A.","Idaho","Bonner",734,48.386568,-116.785262,-4.6,-1.6,1.8,6.4,10.9,15,18.3,17.6,13,7,1,-2.9,96,76,69,53,63,53,30,37,38,52,108,116,-5.7,-2,3.2,6.2,12.5,16,20.5,20.3,14.4,6.2,1.5,-3.7,62,206,165,92,45,42,3,2,35,74,155,97,"April",148.347826086957,6.36666666666667,185,7.3,302,0.933333333333333
"3","ID","185874","Trillium","ovatum","Flowering",29,4,2020,120,"U.S.A.","Idaho","Bonner",668,48.280415,-116.828594,-4,-1.2,2.1,6.9,11.4,15.6,18.8,18,13.3,7.4,1.5,-2.3,89,71,63,50,58,50,29,34,36,48,100,106,-5.3,-1.6,3.4,6.6,12.9,16.4,20.8,20.6,14.6,6.5,1.8,-3.4,64,191,154,91,45,43,3,2,37,71,148,93,"April",148.347826086957,6.8,171,7.63333333333333,290,0.833333333333333
"4","ID","186630","Trillium","ovatum","Flowering",13,5,2020,134,"U.S.A.","Idaho","Bonner",924,48.173751,-116.821233,-4.9,-1.8,1.4,5.7,10.1,14.2,17.6,17.1,12.6,6.6,0.6,-3.2,107,84,78,59,71,60,33,42,43,58,119,128,-6.2,-2.3,2.6,5.3,11.5,15,19.6,19.7,13.8,5.6,1,-4.4,81,225,191,108,58,55,3,3,48,89,177,118,"May",148.347826086957,5.73333333333333,208,6.46666666666667,357,0.733333333333333
"5","ID","186524","Trillium","ovatum","Flowering",29,5,2020,150,"U.S.A.","Idaho","Boundary",824,48.540629,-116.48525,-4.5,-1.7,1.6,6.3,10.6,14.6,17.8,17.3,12.7,6.8,0.8,-3.1,96,76,66,49,62,56,30,39,41,54,108,108,-5.4,-1.9,3.3,6.3,12.5,15.8,20.4,20.2,14.2,6.3,1.6,-3.4,47,204,152,78,36,36,2,3,31,73,149,88,"May",148.347826086957,6.16666666666667,177,7.36666666666667,266,1.2
"6","ID","186523","Trillium","ovatum","Fruiting",8,6,2020,160,"U.S.A.","Idaho","Boundary",710,48.69535,-116.419547,-4.4,-1.4,2,6.8,11.2,15.2,18.3,17.8,13.1,7.1,1.1,-2.9,84,58,51,43,53,51,26,34,37,47,90,94,-5.2,-1.6,3.8,7,13.2,16.6,21,20.8,14.7,6.7,2.1,-3.1,36,162,115,65,28,28,2,3,24,63,122,73,"June",148.347826086957,6.66666666666667,147,8,208,1.33333333333333
"7","ID","186208","Trillium","ovatum","Fruiting",9,6,2020,161,"U.S.A.","Idaho","Boundary",602,48.991783,-116.585153,-4.1,-1.2,2.5,7.4,11.6,15.5,18.4,18.1,13,7.1,1.3,-3,68,48,44,39,50,49,28,34,36,39,76,77,-4.7,-1.4,4.3,7.6,13.6,17,21.4,21.2,14.7,7,2.5,-3,24,141,99,52,29,23,2,4,17,52,98,56,"June",148.347826086957,7.16666666666667,133,8.5,180,1.33333333333333
"8","ID","186207","Trillium","ovatum","Flowering",10,6,2020,162,"U.S.A.","Idaho","Boundary",926,48.925634,-116.562978,-5.4,-2.7,0.4,5.2,9.4,13.4,16.7,16.4,11.7,5.7,-0.2,-4.1,91,69,60,48,61,57,32,40,43,52,102,102,-6.1,-2.9,2.2,5.4,11.5,14.9,19.6,19.5,13.4,5.6,0.9,-4.2,34,199,133,66,35,28,3,4,21,69,132,74,"June",148.347826086957,5,169,6.36666666666667,234,1.36666666666667
"9","ID","185912","Trillium","ovatum","Flowering",19,6,2020,171,"U.S.A.","Idaho","Bonner",755,48.828592,-116.932827,-4.8,-1.5,2,6.7,11,15,18.2,17.8,13,6.9,1,-2.9,86,62,58,50,59,60,34,41,45,49,101,101,-5.5,-1.9,3.6,6.7,12.9,16.3,21,20.8,14.6,6.6,1.8,-3.2,42,175,130,76,40,34,3,3,25,64,133,71,"June",148.347826086957,6.56666666666667,167,7.73333333333333,246,1.16666666666667
"10","ID","185911","Trillium","ovatum","Flowering",23,6,2020,175,"U.S.A.","Idaho","Boundary",1248,48.560954,-116.755277,-6.2,-3.5,-0.6,3.5,7.7,11.6,15.1,15,10.6,4.7,-1,-4.9,125,99,90,67,79,70,38,47,51,69,144,147,-7.1,-3.9,1,3.4,9.5,12.8,17.6,17.9,12.1,4.1,-0.3,-5.5,69,273,210,109,51,47,3,3,38,94,197,115,"June",148.347826086957,3.53333333333333,236,4.63333333333333,370,1.1
"11","ID","182873","Trillium","ovatum","Flowering",29,7,2020,211,"U.S.A.","Idaho","Clearwater",1977,46.661828,-114.820634,-7.4,-5.1,-3.6,0.5,4.7,9.3,13.5,13.1,8,2.6,-3.2,-6,290,197,186,160,163,130,63,73,98,138,247,270,-7.9,-4.1,-0.5,0.9,6.5,10.5,16.7,15.5,9.2,2.3,-1.9,-4.8,143,373,435,187,129,132,9,6,97,186,346,343,"July",148.347826086957,0.533333333333333,509,2.3,751,1.76666666666667
"12","WTU","430214","Trillium","ovatum","Flowering",25,6,2020,177,"U.S.A.","Washington","Skamania",1232,45.749827,-122.230933,-0.9,0.7,2.1,4.2,7.7,11.4,14.8,14.8,12.8,7.5,2.2,-0.3,704,554,479,332,167,141,61,81,176,303,688,762,-2.7,-0.1,2.5,3.9,9.5,12.3,16.1,18.2,14.7,7.3,2.5,-0.3,428,1055,925,539,173,161,2,14,221,504,873,479,"June",148.347826086957,4.66666666666667,978,5.3,1637,0.633333333333333
"13","ID","180281","Trillium","ovatum","Fruiting",19,5,2019,139,"U.S.A.","Idaho","Bonner",745,48.320137,-116.81194,-4.4,-1.5,1.8,6.5,11,15.1,18.4,17.6,13,7.1,1.1,-2.7,97,77,69,54,63,54,30,38,39,53,110,116,-5.6,-1.9,3.2,6.2,12.5,16,20.5,20.3,14.4,6.2,1.5,-3.7,68,209,167,97,47,45,3,2,38,77,160,100,"May",148.347826086957,6.43333333333333,186,7.3,311,0.866666666666666
"14","ID","180083","Trillium","ovatum","Flowering",3,6,2019,154,"U.S.A.","Idaho","Bonner",1432,48.316803,-116.720957,-6.2,-3.5,-0.8,3.1,7.6,11.7,15.6,15.3,10.8,4.8,-1.2,-4.7,137,113,100,74,81,67,37,46,50,70,157,161,-7.3,-3.8,0.5,2.9,9.1,12.6,17.7,18,12.2,4,-0.8,-5.6,90,302,240,130,58,55,3,3,48,100,228,140,"June",148.347826086957,3.3,255,4.16666666666667,428,0.866666666666668
"15","ID","180049","Trillium","ovatum","Fruiting",1,6,2019,152,"U.S.A.","Idaho","Bonner",781,48.425673,-116.788365,-4.7,-1.7,1.7,6.3,10.9,14.9,18.2,17.5,12.9,6.9,0.9,-3,93,74,67,52,61,52,29,36,37,50,104,113,-5.8,-2.1,3.2,6.1,12.5,15.9,20.5,20.3,14.3,6.1,1.4,-3.8,59,202,159,89,43,40,3,2,33,71,148,94,"June",148.347826086957,6.3,180,7.26666666666667,291,0.966666666666667
"16","ID","180050","Trillium","ovatum","Flowering",31,5,2019,151,"U.S.A.","Idaho","Boundary",1085,48.522895,-116.610812,-5.8,-2.9,0.3,4.3,8.7,12.7,16.1,15.8,11.4,5.4,-0.4,-4.3,110,90,77,56,70,60,33,44,45,62,127,125,-6.7,-3.2,1.9,4.3,10.5,13.8,18.6,18.6,12.9,4.8,0.3,-4.8,59,244,178,91,43,40,3,3,34,84,175,101,"May",148.347826086957,4.43333333333333,203,5.56666666666667,312,1.13333333333333
"17","ID","180061","Trillium","ovatum","Fruiting",31,5,2019,151,"U.S.A.","Idaho","Boundary",1045,48.568096,-116.595448,-5.5,-2.6,0.6,4.8,9.1,13,16.5,16.2,11.8,5.7,0,-4,99,85,73,51,66,56,31,42,40,56,115,114,-6.4,-2.9,2.3,4.7,10.9,14.2,19,19.1,13.3,5.1,0.7,-4.4,50,232,168,81,40,36,2,3,29,76,157,91,"May",148.347826086957,4.83333333333333,190,5.96666666666667,289,1.13333333333333
"18","ID","180062","Trillium","ovatum","Fruiting",30,5,2019,150,"U.S.A.","Idaho","Boundary",1058,48.665045,-116.451815,-5.6,-2.7,0.3,4.7,9,13,16.4,16.1,11.7,5.7,-0.2,-4.2,108,82,71,57,68,63,34,43,46,60,122,122,-6.4,-2.9,2.1,4.8,11,14.4,19.1,19.1,13.2,5.3,0.7,-4.5,48,227,160,87,37,36,3,3,30,81,166,96,"May",148.347826086957,4.66666666666667,196,5.96666666666667,284,1.3
"19","ID","179702","Trillium","ovatum","Flowering",12,6,2019,163,"U.S.A.","Idaho","Idaho",880,45.460556,-116.166728,-2.2,0.6,2.7,7.8,12.3,16.9,21.3,20.7,15.6,9.8,3.2,-1.1,60,45,61,61,72,67,31,31,40,45,57,56,-3.2,2.3,6.1,8,13.6,18.3,24.3,23.4,17.1,9.4,4.3,-0.4,46,96,128,78,52,52,5,9,37,59,71,54,"June",148.347826086957,7.6,194,9.23333333333333,258,1.63333333333333
"20","ID","179547","Trillium","ovatum","Flowering",14,6,2019,165,"U.S.A.","Idaho","Valley",1913,44.869279,-115.962247,-7.7,-5.1,-3.2,1,5.8,10.5,15,14,9.3,3.7,-2.2,-6.6,145,106,103,80,83,83,29,45,62,70,124,128,-8.5,-2.9,0.8,1.4,7.3,11.9,17.9,16.7,10.7,3.4,-1,-5.2,153,241,209,108,62,63,7,6,68,74,152,76,"June",148.347826086957,1.2,266,3.16666666666667,379,1.96666666666667
"21","ID","180051","Trillium","ovatum","Fruiting",1,7,2019,182,"U.S.A.","Idaho","Boundary",1589,48.920803,-116.635761,-7.7,-4.9,-2.7,1.6,5.7,9.7,13.3,13.4,9.2,3.4,-2.8,-6.4,141,110,95,73,92,85,47,59,65,80,158,158,-8.3,-5.2,-0.9,1.7,7.7,11.2,16.3,16.5,10.8,3.3,-1.7,-6.4,55,318,212,101,54,42,4,6,32,105,204,114,"July",148.347826086957,1.53333333333333,260,2.83333333333333,367,1.3
"22","ID","181809","Trillium","ovatum","Fruiting",30,6,2019,181,"U.S.A.","Idaho","Boundary",925,48.911597,-116.334932,-5.5,-2.3,0.8,5.6,9.8,13.8,16.8,16.5,11.9,5.9,-0.1,-4.2,106,61,58,51,53,68,32,44,53,56,97,120,-6.3,-2.5,2.8,6,11.8,15.3,19.8,19.6,13.5,5.7,1.2,-4.2,39,175,127,70,28,32,3,5,27,75,130,92,"June",148.347826086957,5.4,162,6.86666666666667,225,1.46666666666667
"23","ID","180149","Trillium","ovatum","Fruiting",8,7,2019,189,"U.S.A.","Idaho","Boundary",1458,48.674588,-116.780131,-7.1,-4.5,-1.7,2.3,6.4,10.4,13.9,13.9,9.6,3.8,-2.1,-5.8,153,115,106,87,109,104,57,70,80,88,180,183,-7.9,-4.8,-0.1,2.3,8.3,11.6,16.6,16.9,11.2,3.4,-1.4,-6.3,78,324,243,135,68,62,5,5,53,118,240,136,"July",148.347826086957,2.33333333333333,302,3.5,446,1.16666666666667
"24","ID","180249","Trillium","ovatum","Fruiting",6,7,2019,187,"U.S.A.","Idaho","Boundary",1331,48.658962,-116.71943,-6.5,-4.1,-1.2,3,7,10.9,14.4,14.5,10,4.3,-1.8,-5.4,142,114,108,89,118,114,63,76,85,85,173,178,-7.4,-4.4,0.4,2.9,8.9,12.2,17.1,17.4,11.6,3.9,-1,-5.9,71,318,250,138,72,69,5,5,57,113,232,134,"July",148.347826086957,2.93333333333333,315,4.06666666666667,460,1.13333333333333
"25","ID","175568","Trillium","ovatum","Flowering",18,6,2018,169,"U.S.A.","Idaho","Valley",1750,44.78127,-115.86435,-7,-4.5,-2.5,1.8,6.6,11.2,15.6,14.5,9.7,4.3,-1.6,-6,132,99,99,80,77,80,28,42,54,67,117,122,-7.7,-2.1,1.7,2.3,8.2,12.6,18.5,17.3,11.1,4,-0.4,-4.4,145,232,202,108,59,60,7,5,63,67,145,65,"June",148.347826086957,1.96666666666667,256,4.06666666666667,369,2.1
"26","WTU","417982","Trillium","ovatum","Flowering",23,5,2018,143,"U.S.A.","Washington","Grays Harbor",775,47.42763,-123.52593,1.5,3.3,3.8,5.6,8.9,11.8,14.8,15.2,13.6,9.3,4.7,2.6,776,641,573,318,224,121,90,103,218,444,741,856,0.2,2.3,3.9,5.4,9.8,12.4,15.1,17.3,14.9,8.8,4.4,2.5,469,911,1128,571,257,179,10,30,127,585,1247,642,"May",148.347826086957,6.1,1115,6.36666666666667,1956,0.266666666666668
"27","ID","174015","Trillium","ovatum","Fruiting",5,7,2017,186,"U.S.A.","Idaho","Valley",1748,44.93396,-115.9165,-7.1,-4.5,-2.5,1.6,6.4,11.2,15.7,14.6,9.8,4.3,-1.7,-6,141,103,99,77,84,87,33,50,62,69,122,125,-7.9,-2.2,1.5,2.1,8,12.7,18.7,17.4,11.2,4,-0.4,-4.6,141,235,200,101,62,66,8,7,68,74,151,79,"July",148.347826086957,1.83333333333333,260,3.86666666666667,363,2.03333333333333
"28","ID","173726","Trillium","ovatum","Flowering",5,7,2017,186,"U.S.A.","Idaho","Valley",1809,44.908177,-115.917719,-7.3,-4.7,-2.8,1.4,6.2,10.9,15.5,14.5,9.7,4.1,-1.9,-6.2,140,103,100,78,83,84,31,48,61,69,123,124,-8.1,-2.5,1.3,1.9,7.7,12.4,18.5,17.2,11.1,3.8,-0.7,-4.8,143,236,202,103,61,64,7,6,67,73,152,76,"July",148.347826086957,1.6,261,3.63333333333333,366,2.03333333333333
"29","ID","173707","Trillium","ovatum","Flowering",7,7,2017,188,"U.S.A.","Idaho","Idaho",2158,45.385679,-115.904982,-8.8,-6.3,-4.8,-0.8,3.8,8.6,13,12.3,7.8,2.3,-3.8,-7.8,187,143,151,114,93,94,38,49,63,90,153,178,-9.5,-4.4,-1.2,-0.4,5.3,10.1,16.2,14.9,9.3,2,-2.6,-6.7,138,308,307,138,61,71,8,10,61,111,190,160,"July",148.347826086957,-0.6,358,1.23333333333333,506,1.83333333333333
"30","EWU","9376","Trillium","ovatum","Flowering",20,5,2017,140,"U.S.A.","Washington","Pend Oreille",965.9112,48.647112,-117.492878,-6.1,-3,0.5,4.9,9.1,13.3,16.7,16.5,11.9,5.6,-0.4,-4.3,95,78,68,53,65,65,40,43,43,55,109,119,-7.3,-3.9,1.6,4.5,10.6,14,19.2,19.3,13.4,5,0.2,-5.1,76,213,155,104,66,48,4,3,32,77,162,89,"May",148.347826086957,4.83333333333333,186,5.56666666666667,325,0.733333333333333
"31","EWU","9399","Trillium","ovatum","Flowering",21,4,2017,111,"U.S.A.","Washington","Snohomish",234,47.794444,-122.045278,2.4,4.4,5.9,8.4,11.5,14.5,16.6,16.7,14.3,10.3,6,3.2,174,116,126,96,81,64,37,48,72,104,177,180,1.1,3.5,5.9,8.4,12.8,15.1,17.5,19.6,16.2,9.7,5.8,2.8,106,221,232,145,106,50,2,9,52,148,273,161,"April",148.347826086957,8.6,303,9.03333333333333,483,0.433333333333334
"32","ID","173264","Trillium","ovatum","Fruiting",4,7,2016,186,"U.S.A.","Idaho","Adams",1895,44.76865,-116.25085,-6.8,-4.3,-2.5,1.7,6.2,10.9,15.7,14.9,10,4.1,-1.8,-5.9,152,124,138,103,87,67,21,31,55,83,146,150,-4,-0.7,0.5,6.2,7.9,13.1,15.7,16.1,10.7,5.1,1.9,-8.7,117,86,173,73,68,32,29,3,36,152,79,180,"July",148.347826086957,1.8,328,4.86666666666667,314,3.06666666666667
"33","WTU","420960","Trillium","ovatum","Fruiting",10,7,2016,192,"U.S.A.","Idaho","Shoshone",970,47.7559,-116.0357,-3.9,-1.4,0.9,5.2,9.6,13.7,17.3,16.8,12.3,6.8,1,-2.8,133,100,92,79,84,74,38,54,59,72,126,144,-0.3,2.2,3.4,9.6,11.3,14.8,16.6,17.6,12.1,6.8,4.4,-5.6,115,112,163,48,91,49,39,26,65,304,91,125,"July",148.347826086957,5.23333333333333,255,8.1,302,2.86666666666667
"34","WTU","419213","Trillium","ovatum","Fruiting",9,7,2016,191,"U.S.A.","Idaho","Shoshone",975.36,47.7596,-116.1049,-4.2,-1.6,0.5,4.7,9.1,13.3,17.1,16.6,12,6.5,0.7,-3.1,139,104,97,82,90,79,40,57,62,76,133,151,-0.6,1.9,3,9.2,10.9,14.4,16.3,17.4,11.9,6.4,4.1,-5.9,123,116,172,50,96,51,41,28,69,324,98,130,"July",148.347826086957,4.76666666666667,269,7.7,318,2.93333333333333
"35","WTU","419367","Trillium","ovatum","Fruiting",9,7,2016,191,"U.S.A.","Idaho","Shoshone",917,47.685794,-115.875966,-3.9,-1.2,1,5.4,9.7,13.9,17.5,16.9,12.3,6.9,1,-2.9,129,97,89,71,67,59,33,41,49,63,119,134,-0.3,2.3,3.5,9.8,11.5,15.1,16.7,17.6,12.2,6.8,4.4,-5.7,106,110,154,43,74,42,35,18,52,257,84,117,"July",148.347826086957,5.36666666666667,227,8.26666666666667,271,2.9
"36","WS","318523","Trillium","ovatum","Flowering",2,5,1981,122,"U.S.A.","Idaho","Kootenai",823,42.12944,-113.34167,-2.7,1,4.6,9.6,14.1,18.3,22,21.3,16.2,10,3.8,-1.9,18,14,17,23,16,31,18,23,19,17,20,18,-0.4,1.4,5.6,10.7,13,17.9,21.6,22.8,17.8,8.3,5.3,0.8,16,3,19,40,24,11,5,7,3,36,24,42,"May",148.347826086957,9.43333333333333,56,9.76666666666667,83,0.333333333333334
"37","MONT","77545","Trillium","ovatum","Flowering",28,5,1955,148,"U.S.A.","Montana","Flathead",1200,48.65639,-113.78472,-8.2,-5.1,-2.6,2.4,7.3,11.6,14.8,14.3,9.2,4.4,-2.2,-6.6,93,67,58,55,80,95,55,51,61,55,83,99,-5.7,-8.6,-8.8,0.3,4.9,11.5,14.1,14.5,8.8,5,-8.3,-8,38,130,60,49,105,107,70,2,50,68,124,130,"May",148.347826086957,2.36666666666667,193,-1.2,214,-3.56666666666667
"38","MONTU","80083","Trillium","ovatum","Flowering",16,6,1975,167,"U.S.A.","Montana","Lake",1500,47.8532,-113.8273,-6.6,-3.5,-1.3,3.5,8.2,12.3,16.1,15.3,10.4,5,-1.2,-5.3,139,105,112,94,106,91,63,61,77,54,117,146,-6.2,-8.7,-3.4,-0.1,6.8,10.4,18.2,13.3,10.7,4.7,-1.8,-2.8,209,153,116,117,87,114,59,105,34,146,108,137,"June",148.347826086957,3.46666666666667,312,1.1,320,-2.36666666666667
"39","MONTU","111280","Trillium","ovatum","Flowering",4,4,1988,95,"U.S.A.","Montana","Missoula",1159,47.083262,-113.834266,-7.6,-5,-2.8,1.9,6.4,10.6,14.6,14.1,9,3.5,-2.7,-6.6,236,156,138,109,105,90,41,46,81,74,161,205,-8.4,-3.1,-1.3,3.9,6.6,12.9,14.6,14.2,9.3,6.6,-1.6,-6.1,138,131,123,94,169,63,19,11,59,62,168,139,"April",148.347826086957,1.83333333333333,352,3.06666666666667,386,1.23333333333333
"40","MONTU","116189","Trillium","ovatum","Flowering",26,4,1991,116,"U.S.A.","Montana","Missoula",1280,46.8244,-113.9311,-5.8,-2.8,-0.2,4.7,8.9,13.4,17.4,16.8,11.5,5.6,-0.6,-4.9,66,45,50,51,67,63,34,36,42,35,46,60,-5.9,1,-0.3,4.2,8.2,11.6,18,18.7,13.2,5.6,-1.5,-2.8,31,15,64,26,89,99,14,21,23,16,83,42,"April",148.347826086957,4.46666666666667,168,4.03333333333333,179,-0.433333333333334
"41","MONT","26771","Trillium","ovatum","Flowering",12,5,1937,132,"U.S.A.","Montana","Missoula",1021,46.82484,-113.933361,-5.2,-2,0.9,5.8,10,14.4,18.2,17.6,12.3,6.4,0.1,-4.4,39,26,30,37,60,60,29,31,37,29,28,36,-16.6,-4,1.1,5.5,11.9,14.8,20.7,17.8,15.4,9.2,2.5,-1.6,25,30,18,36,30,43,24,11,29,19,19,64,"May",148.347826086957,5.56666666666667,127,6.16666666666667,84,0.600000000000001
"42","MONTU","36066","Trillium","ovatum","Flowering",16,7,1948,198,"U.S.A.","Montana","Flathead",1500,48.168292,-113.94261,-6.5,-3.8,-1.4,3.3,7.9,11.9,16,15.3,9.9,4.4,-1.5,-5.3,165,108,120,98,110,110,71,64,80,66,129,158,-4.7,-6.5,-5.3,1.9,7.7,12.7,14,14,10.1,4.3,-1.1,-8.3,108,117,142,148,244,212,174,85,16,25,136,92,"July",148.347826086957,3.26666666666667,328,1.43333333333333,534,-1.83333333333333
"43","MONT","28328","Trillium","ovatum","Flowering",30,4,1938,120,"U.S.A.","Montana","Missoula",1050,46.945541,-113.949029,-5.2,-1.8,1.1,6.1,10.4,14.7,18.5,17.8,12.5,6.6,0.2,-4.3,38,31,31,38,54,54,33,32,33,24,29,35,-4.6,-5.1,0.2,7.4,10.7,16.3,20.1,18.5,17.4,8.6,-0.5,-1,15,41,23,25,74,84,41,25,18,33,23,10,"April",148.347826086957,5.86666666666667,123,6.1,122,0.233333333333333
"44","MONTU","48302","Trillium","ovatum","Flowering",23,7,1954,204,"U.S.A.","Montana","Flathead",970,48.552746,-113.986231,-6,-2.9,0.1,5.2,10.3,14.4,17.7,17.1,11.5,6,-0.1,-4.6,81,53,40,39,62,79,42,43,50,46,67,82,-8.6,0.1,-2.9,2.3,10.4,11.7,18.2,15.8,11.6,5,4.4,-0.8,173,69,52,45,31,61,50,92,52,24,33,20,"July",148.347826086957,5.2,141,3.26666666666667,128,-1.93333333333333
"45","MONTU","9800","Trillium","ovatum","Flowering",29,4,1921,119,"U.S.A.","Montana","Missoula",1067,46.841035,-113.992054,-5.2,-2.1,1,6,10.3,14.7,18.6,17.9,12.5,6.5,0.3,-4.2,42,29,33,36,57,56,29,33,36,26,30,40,-3.2,0.1,1.8,5,11.4,16.4,19.6,18.5,10.4,9.7,0.9,-6.2,20,11,61,54,36,47,18,11,38,15,66,38,"April",148.347826086957,5.76666666666667,126,6.06666666666667,151,0.3
"46","MONTU","26813","Trillium","ovatum","Flowering",12,5,1937,132,"U.S.A.","Montana","Missoula",1021,46.841035,-113.992054,-5.1,-1.9,1.3,6.2,10.6,14.9,18.8,18.1,12.6,6.7,0.5,-4.1,38,26,30,33,55,54,28,32,35,25,27,36,-16.4,-3.9,1.5,6,12.5,15.3,21.3,18.4,15.8,9.5,3,-1.3,24,30,17,33,28,39,22,12,27,16,19,65,"May",148.347826086957,6.03333333333333,118,6.66666666666667,78,0.633333333333333
"47","MONTU","130727","Trillium","ovatum","Flowering",26,5,1964,147,"U.S.A.","Montana","Missoula",1143,47.017424,-114.013999,-5.2,-1.8,0.9,6,10.2,14.6,18.3,17.6,12.5,6.7,0.2,-4.2,47,42,40,46,49,50,42,33,31,24,37,44,-4.7,-4.1,-2.8,4.7,8.8,13,18.1,14.9,10.3,6.1,-0.6,-6.2,31,27,29,59,38,96,56,44,15,16,27,112,"May",148.347826086957,5.7,135,3.56666666666667,126,-2.13333333333333
"48","MONTU","116212","Trillium","ovatum","Flowering",14,5,1991,134,"U.S.A.","Montana","Ravalli",1075,46.573256,-114.093994,-5,-1.7,1.5,6.8,11,15.3,19,18,12.7,7.1,0.6,-3.7,34,21,20,23,35,41,21,29,28,21,24,28,-4.7,2.2,1.4,6.5,10.4,13.6,20,20.3,14.6,7.2,0,-2,13,5,29,12,43,61,8,20,16,10,42,21,"May",148.347826086957,6.43333333333333,78,6.1,84,-0.333333333333333
"49","SRP","60475","Trillium","ovatum","Flowering",20,6,2015,171,"U.S.A.","Idaho","Idaho",1585,46.637383,-114.553933,-7,-4.4,-2.3,2.1,6.2,11,15,14.4,9.5,3.7,-2.7,-5.8,213,121,116,84,88,70,34,41,59,83,145,165,-4.8,-1,0.8,2,7.8,15.3,16,15.3,10.3,6.8,-4.1,-4.5,180,165,72,43,51,28,52,8,38,93,192,192,"June",148.347826086957,2,288,3.53333333333333,166,1.53333333333333
"50","SRP","42759","Trillium","ovatum","Flowering",28,5,2006,148,"U.S.A.","Idaho","Idaho",1067,46.5,-114.775,-5.2,-2.3,0.2,4.4,8.8,13.6,17.3,16.7,11.6,5.9,-0.5,-4.4,140,88,82,74,82,75,33,41,56,69,108,126,0.9,-2.6,0.5,5.6,10.5,15.6,20.7,17.1,13.2,6,1.2,-3,144,84,73,118,70,73,17,13,46,72,218,108,"May",148.347826086957,4.46666666666667,238,5.53333333333333,261,1.06666666666667
"51","WTU","366450","Trillium","ovatum","Flowering",8,7,2005,189,"U.S.A.","Idaho","Shoshone",1827,46.97483,-115.02681,-6.7,-4.4,-2.7,1.3,5.5,9.9,14.1,13.8,8.8,3.4,-2.4,-5.4,256,204,188,129,118,95,50,55,84,116,218,233,-6.3,-3.2,-0.7,1.7,6.1,8.3,15.1,14.6,9,4.8,-2.7,-7.1,118,50,209,203,123,121,10,9,113,171,232,236,"July",148.347826086957,1.36666666666667,435,2.36666666666667,535,1
"52","RM",NA,"Trillium","ovatum","Flowering",22,7,2000,204,"U.S.A.","Idaho","Idaho",1753,45.3633,-115.2562,-7.1,-4.6,-2.6,1.7,6.4,11.1,15,14.1,9.5,4.4,-1.9,-6.3,98,73,74,74,76,75,43,41,49,53,80,86,-4.7,-2.4,-1.3,3.8,6.9,11.6,15.9,15.2,9.2,4.2,-5.6,-6.5,92,95,38,45,75,55,15,3,73,101,53,51,"July",148.347826086957,1.83333333333333,224,3.13333333333333,158,1.3
"53","ID","158421","Trillium","ovatum","Flowering",26,7,2005,207,"U.S.A.","Idaho","Shoshone",1280,47.034875,-115.350028,-4.7,-2.3,-0.2,3.9,8.2,12.6,16.5,16,11.2,5.7,0,-3.7,165,116,115,102,95,75,37,46,59,81,142,160,-4.1,-1.1,1.7,4.3,8.9,11.1,17.5,16.7,11.3,7,-0.5,-5.4,96,31,136,139,109,100,10,8,83,118,137,167,"July",148.347826086957,3.96666666666667,312,4.96666666666667,384,1
"54","ID","138078","Trillium","ovatum","Flowering",14,6,2005,165,"U.S.A.","Idaho","Shoshone",1214,47.06915,-115.398433,-4.7,-2.5,-0.4,3.8,8.1,12.5,16.4,15.9,11,5.6,0,-3.7,156,112,108,98,90,71,35,44,55,76,135,152,-4.2,-1.3,1.6,4.3,8.8,10.9,17.3,16.6,11.1,7,-0.4,-5.4,94,29,130,132,105,95,10,8,80,112,128,159,"June",148.347826086957,3.83333333333333,296,4.9,367,1.06666666666667
"55","ID","157765","Trillium","ovatum","Flowering",31,5,2006,151,"U.S.A.","Idaho","Shoshone",962,47.1599,-115.416483,-4.4,-2,0.2,4.5,8.9,13.2,17,16.5,11.7,6.4,0.4,-3.5,149,108,106,86,78,67,33,43,52,76,136,152,1.6,-2.5,0.4,5.6,10.4,14.8,20.1,16.6,13.1,6.5,1.8,-2.2,200,121,115,142,82,87,10,19,35,82,292,105,"May",148.347826086957,4.53333333333333,270,5.46666666666667,339,0.933333333333332
"56","ID","145456","Trillium","ovatum","Flowering",1,6,2005,152,"U.S.A.","Idaho","Idaho",489,46.085856,-115.493411,-2.4,1,3.6,7.8,12.3,16.7,20.5,20.1,14.9,8.8,2.7,-1.4,130,90,102,93,80,77,33,35,61,74,111,112,-1.5,2,5.6,8.4,13,15.2,22,21.3,15.2,10,2,-2.7,78,32,92,86,113,128,5,4,40,73,138,132,"June",148.347826086957,7.9,275,9,291,1.1
"57","ID","143222","Trillium","ovatum","Flowering",13,6,2007,164,"U.S.A.","Idaho","Shoshone",1087,47.334167,-115.6045,-4.6,-2.1,0,4.2,8.6,12.8,16.7,16.1,11.6,6.3,0.3,-3.6,175,129,121,88,77,68,35,49,53,76,149,177,-4,-0.5,3.1,4.8,9.9,13.6,20.4,16.6,12.2,6.7,0.4,-2,134,194,147,72,58,56,3,21,28,109,150,200,"June",148.347826086957,4.26666666666667,286,5.93333333333333,277,1.66666666666667
"58","ID","157250","Trillium","ovatum","Flowering",8,7,2009,189,"U.S.A.","Idaho","Shoshone",1662,47.038572,-115.640964,-5.5,-2.9,-1.1,3,7.5,11.9,16.1,15.7,11,5.2,-0.9,-4.4,169,124,118,90,88,73,36,45,57,84,147,171,-4.9,-2.8,-2.8,2.7,8.3,12.3,17.5,16.5,14.3,2.9,0.4,-6.3,207,102,199,77,98,78,49,61,9,125,97,101,"July",148.347826086957,3.13333333333333,296,2.73333333333333,374,-0.399999999999999
"59","SRP","27382","Trillium","ovatum","Flowering",11,6,2003,162,"U.S.A.","Idaho","Shoshone",1463,47.392583,-115.6625,-5.7,-3,-1.1,2.9,7.4,11.6,15.9,15.4,10.8,5.1,-0.9,-4.5,200,148,136,102,97,85,41,54,65,94,177,204,-1.8,-2.5,0,2.8,6.9,12.4,18.6,17,12.6,7.4,-3.9,-2.9,246,155,212,109,109,41,10,37,43,103,201,283,"June",148.347826086957,3.06666666666667,335,3.23333333333333,430,0.166666666666667
"60","ID","133960","Trillium","ovatum","Flowering",20,6,2004,172,"U.S.A.","Idaho","Valley",1982,44.983333,-115.8,-7.7,-5.4,-3.8,0.3,5.1,9.7,14.1,13.2,8.6,3.3,-2.7,-6.8,144,107,111,88,84,80,31,42,61,73,122,131,-8.1,-5.7,-0.7,2.6,5.3,10.8,16.2,14.4,8.6,4.2,-2.9,-3.6,126,161,67,51,55,42,15,49,96,43,40,92,"June",148.347826086957,0.533333333333333,283,2.4,173,1.86666666666667
"61","WS","203778","Trillium","ovatum","Flowering",21,4,1950,111,"U.S.A.","Idaho","Idaho",835,45.421477,-115.901825,-3.3,-0.4,1.9,6.5,11,15.5,19.7,18.9,14,8.4,2,-2.3,48,35,56,63,82,73,35,35,45,45,49,43,-7.2,-1.1,0.9,5.6,9.1,14.9,19.1,19.4,14.9,10.2,3.6,2.5,62,46,80,55,42,100,26,35,37,92,51,42,"April",148.347826086957,6.46666666666667,201,5.2,177,-1.26666666666667
"62","RM",NA,"Trillium","ovatum","Flowering",23,6,2000,175,"U.S.A.","Idaho","Valley",1707,45.1294,-115.9535,-6.9,-4.5,-2.8,1.4,5.9,10.6,14.9,13.9,9.4,3.9,-1.9,-5.8,180,142,152,115,126,126,51,65,82,99,151,174,-4.6,-2.2,-2,3.7,6.5,11.1,15.7,15.1,9,3.8,-5.9,-6,134,211,81,55,125,105,15,6,123,173,80,71,"June",148.347826086957,1.5,393,2.73333333333333,261,1.23333333333333
"63","ID","170855","Trillium","ovatum","Flowering",1,7,2015,182,"U.S.A.","Idaho","Valley",1973,44.8688,-115.96527,-7.8,-5.2,-3.4,0.8,5.6,10.3,14.8,13.8,9.1,3.6,-2.4,-6.7,148,109,105,82,85,84,30,46,64,72,127,131,-5.8,-1.4,0.1,1.5,7.9,15,16.4,15.9,10.5,7.6,-3.7,-5.5,98,148,63,39,89,38,57,14,45,82,147,167,"July",148.347826086957,1,272,3.16666666666667,191,2.16666666666667
"64","ID","113880","Trillium","ovatum","Flowering",16,6,1995,167,"U.S.A.","Idaho","Idaho",1646,45.6486,-115.9885,-6.6,-4.1,-2.4,1.9,6.3,11.1,15.2,14.5,9.8,4.4,-1.6,-5.7,130,95,102,87,95,99,46,51,63,69,108,117,-5.4,-1.9,-1.9,2,7.1,10.1,15,12.9,12,3.9,0,-3.5,126,72,122,124,56,147,80,115,26,130,160,206,"June",148.347826086957,1.93333333333333,284,2.4,302,0.466666666666667
"65","ID","155920","Trillium","ovatum","Flowering",16,5,2009,136,"U.S.A.","Idaho","Benewah",1225,47.301131,-116.010856,-4.7,-2.1,0,4.3,8.8,13,16.9,16.4,11.9,6.2,0.1,-3.7,166,122,112,87,85,75,38,50,62,78,143,168,-4.3,-2.2,-1.9,3.8,9.6,13.5,18.4,17.3,14.9,3.9,1.3,-5.6,195,106,205,78,104,87,51,59,12,124,100,87,"May",148.347826086957,4.36666666666667,284,3.83333333333333,387,-0.533333333333334
"66","MONTU","119860","Trillium","ovatum","Flowering",2,8,1976,215,"U.S.A.","Montana","Lincoln",854,48.5811,-116.0153,-4.7,-1.5,1.4,6,10.5,14.6,17.8,17.4,12.7,6.7,0.5,-3.6,92,63,56,47,57,56,29,36,44,55,100,100,-2.8,-1.6,-1.5,5.9,11,12.2,17.4,16.1,13.8,6.2,0.5,-1.9,77,101,41,41,42,38,31,92,10,28,43,34,"August",148.347826086957,5.96666666666667,160,5.13333333333333,124,-0.833333333333332
"67","ID","136603","Trillium","ovatum","Flowering",24,4,2006,114,"U.S.A.","Idaho","Shoshone",793,47.245833,-116.025,-3.7,-1,1.6,6.1,10.6,14.9,18.2,17.8,13,7.4,1.4,-2.6,122,86,82,64,67,54,28,37,49,56,92,112,2,-1.6,1.7,7,12,16.3,21.1,17.9,14.4,7.4,2.5,-1.5,190,91,93,96,81,83,4,21,31,50,221,83,"April",148.347826086957,6.1,213,6.9,270,0.800000000000001
"68","ID","158398","Trillium","ovatum","Flowering",22,6,2005,173,"U.S.A.","Idaho","Shoshone",1540,47.426319,-116.025161,-5.7,-3.1,-1.4,2.5,7.1,11.2,15.6,15.2,10.8,4.9,-1.1,-4.5,205,153,140,118,121,106,52,70,88,102,192,219,-5,-2,0.4,3.2,7.9,9.8,16.4,15.8,10.4,6,-1.4,-6.3,155,34,194,121,166,134,28,19,141,163,140,230,"June",148.347826086957,2.73333333333333,379,3.83333333333333,481,1.1
"69","UBC","V226857","Trillium","ovatum","Flowering",19,5,2006,139,"Canada","British_Columbia",NA,905,49.056389,-116.0277,-6.5,-2.7,1.1,5.3,9.6,13.6,16.6,16.4,11.4,5.5,-0.8,-5.8,83,58,55,46,57,60,36,41,46,51,94,95,-0.3,-3.7,0.5,6.4,10.7,14.6,19,15.9,12.7,4.9,-1.2,-3.6,142,54,34,64,52,75,46,34,20,29,213,59,"May",148.347826086957,5.33333333333333,158,5.86666666666667,150,0.533333333333334
"70","CIC","44420","Trillium","ovatum","Flowering",12,5,2002,132,"U.S.A.","Idaho","Valley",1459,44.479967,-116.053167,-6.9,-4.1,-1.3,3.8,8.7,12.9,16.9,15.7,10.9,5.7,-0.3,-5.6,78,61,60,50,44,46,16,22,33,42,79,84,-5.1,-4.9,-2.7,4.2,9.2,14.2,19.8,14.7,12.1,4.2,0.1,-1.6,68,32,59,53,12,19,8,14,19,10,44,138,"May",148.347826086957,3.73333333333333,154,3.56666666666667,124,-0.166666666666667
"71","SRP","24634","Trillium","ovatum","Flowering",29,4,1995,119,"U.S.A.","Idaho","Boise",997,44.15,-116.116667,-3.4,-0.6,2.7,6.8,11.9,16.7,21.7,20.8,15.5,9.3,2.1,-2.7,88,69,69,54,45,38,14,19,31,43,87,90,-0.8,3.3,3.7,7.1,12,15.5,21.2,19.5,17.5,8.6,4.2,-0.1,135,47,78,71,74,62,27,28,3,36,90,172,"April",148.347826086957,7.13333333333333,168,7.6,223,0.466666666666668
"72","SRP","18856","Trillium","ovatum","Flowering",26,4,1997,116,"U.S.A.","Idaho","Valley",1133,44.183333,-116.116667,-3.8,-1.2,2,6,11.1,15.8,20.9,20.1,14.8,8.7,1.5,-3.3,88,72,73,56,45,41,16,21,32,46,92,95,-2.2,-0.8,3.4,5.6,13.8,15.4,20.1,21.7,17.5,8.8,3.1,-2.5,116,31,52,60,34,50,31,23,26,49,55,49,"April",148.347826086957,6.36666666666667,174,7.6,146,1.23333333333333
"73","ID","152779","Trillium","ovatum","Flowering",19,6,2007,170,"U.S.A.","Idaho","Bonner",1480,48.3586,-116.124783,-6.5,-3.7,-1.4,2.6,7,10.7,14.4,14.2,10.1,4.2,-1.6,-5.5,294,203,177,123,122,118,52,77,85,129,280,274,-6.2,-3,1.5,2.8,7.9,11,18.1,14,10.3,4.3,-1.4,-4.8,220,178,205,53,105,60,21,20,57,211,202,392,"June",148.347826086957,2.73333333333333,422,4.06666666666667,363,1.33333333333333
"74","ID","94790","Trillium","ovatum","Flowering",14,5,1987,134,"U.S.A.","Idaho","Valley",1098,44.506,-116.1381,-6.1,-3.1,0,5.4,10.3,14.5,18.3,17,12,6.9,0.9,-4.6,61,47,43,37,37,44,14,22,28,32,59,66,-7.1,-1.9,1.3,8.4,12.6,15.6,16.6,15,13.6,7.7,1.8,-3.3,43,35,60,13,47,44,24,12,2,1,39,49,"May",148.347826086957,5.23333333333333,117,7.43333333333333,120,2.2
"75","SRP","42756","Trillium","ovatum","Flowering",8,7,2008,190,"U.S.A.","Idaho","Adams",1973,45.137633,-116.168717,-7.7,-5.3,-3.7,0.3,5,9.9,14.8,13.9,9.1,3.3,-2.8,-6.8,186,143,157,112,94,87,31,44,62,91,166,183,-8.1,-4.9,-4.5,-1.3,6.4,9.8,16.5,15.3,10.6,4.1,-0.6,-7.2,250,156,105,76,51,194,18,41,35,39,140,219,"July",148.347826086957,0.533333333333333,363,0.2,232,-0.333333333333333
"76","RM",NA,"Trillium","ovatum","Flowering",14,6,1999,165,"U.S.A.","Idaho","Valley",1524,45.0424,-116.1777,-5.8,-3,-1.3,3.2,8,13.1,17.8,16.4,11.5,6.2,0,-4.4,135,102,109,80,66,65,21,32,48,64,119,130,-2.3,-2.3,-0.6,2.1,6.6,12.3,17.2,17.6,12,7.2,3.7,-2.5,128,251,95,41,75,75,8,25,2,41,131,155,"June",148.347826086957,3.3,255,2.7,211,-0.600000000000001
"77","RM",NA,"Trillium","ovatum","Flowering",18,7,2000,200,"U.S.A.","Idaho","Adams",1585,44.9989,-116.1981,-6.1,-3.3,-1.3,3.3,8.1,12.9,17.4,16.1,11.3,5.9,-0.2,-4.7,120,89,96,74,65,65,21,32,48,60,103,112,-3.7,-1,-0.6,5.7,8.7,13.4,18.1,17.3,10.9,5.8,-4.3,-4.9,86,141,50,35,64,55,6,3,66,105,52,41,"July",148.347826086957,3.36666666666667,235,4.6,149,1.23333333333333
"78","ID","165289","Trillium","ovatum","Flowering",21,6,2006,172,"U.S.A.","Idaho","Shoshone",1549,47.813583,-116.206583,-6.1,-3,-1.3,2.6,7.1,11.1,15.2,14.8,10.5,4.9,-1,-4.8,154,111,107,94,100,86,45,59,74,84,144,160,-0.3,-3.7,-1.3,3.5,8.3,12.3,17.9,14.7,11.9,4.7,-0.4,-3.5,292,110,120,126,115,131,4,27,39,68,357,101,"June",148.347826086957,2.8,301,3.5,361,0.7
"79","SRP","42755","Trillium","ovatum","Flowering",23,6,2007,174,"U.S.A.","Idaho","Gem",1591,44.33585,-116.22345,-4.7,-2.4,0,3.8,9,13.6,18.5,17.8,12.6,6.8,0.3,-4.1,99,81,82,63,48,47,17,24,34,51,104,105,-4.6,-0.8,3.2,5.2,11.4,15.4,20.7,19.2,13.7,7.1,0.8,-2.8,10,56,19,38,36,20,4,9,25,88,98,127,"June",148.347826086957,4.26666666666667,193,6.6,93,2.33333333333333
"80","ID","139959","Trillium","ovatum","Flowering",16,5,2007,136,"U.S.A.","Idaho","Shoshone",672,47.270483,-116.225783,-2.8,-0.2,2.6,7.3,11.6,15.7,18.9,18.2,13.7,8.3,2.4,-1.7,85,65,56,46,51,44,23,28,34,39,69,85,-2.8,1.1,5.4,7.7,12.9,16.3,22.5,18.6,14.3,8.6,2.5,-0.4,75,87,78,33,34,36,1,14,16,57,74,113,"May",148.347826086957,7.16666666666667,153,8.66666666666667,145,1.5
"81","RM",NA,"Trillium","ovatum","Flowering",7,7,1999,188,"U.S.A.","Idaho","Adams",1936,44.578,-116.2596,-6.3,-3.9,-2,1.9,6.7,11.3,16.3,15.4,10.6,4.7,-1.3,-5.4,123,96,100,78,67,65,22,32,47,67,124,124,-2.9,-3.3,-1.4,0.9,5.4,10.8,15.9,16.8,11.2,5.8,2.4,-3.8,136,235,75,39,80,78,7,26,1,36,105,141,"July",148.347826086957,2.2,245,1.63333333333333,194,-0.566666666666666
"82","ID","122281","Trillium","ovatum","Flowering",11,5,2002,131,"U.S.A.","Idaho",NA,863,47.1296,-116.2802,-3.9,-1.4,1,5.5,10.2,14.2,17.8,17.3,12.6,7.3,1.1,-2.9,144,107,92,70,74,57,30,35,50,58,112,144,-1.4,-1.8,-1.7,4.9,8.9,14.3,19.5,16,13,5.2,1.9,0.7,230,104,135,55,86,68,11,38,28,30,85,145,"May",148.347826086957,5.56666666666667,236,4.03333333333333,276,-1.53333333333333
"83","ID","133574","Trillium","ovatum","Flowering",3,6,2004,155,"U.S.A.","Idaho","Shoshone",1445,47.14395,-116.309767,-4.8,-2.1,-0.2,3.5,8,12.1,16.4,16,11.5,5.6,-0.3,-4,208,151,137,96,98,76,32,38,67,76,172,217,-5.1,-2.3,2.6,5.2,7.9,12.7,18.2,17.2,10.9,6.6,0.3,-1,270,140,102,78,195,50,20,99,95,124,173,224,"June",148.347826086957,3.76666666666667,331,5.23333333333333,375,1.46666666666667
"84","IDS","2014.003","Trillium","ovatum","Flowering",7,7,1999,188,"U.S.A.","Idaho","Adams",1936,44.642892,-116.314699,-5.6,-3.6,-2.3,1.9,6.5,11.2,16.3,15.4,10.7,4.9,-1.2,-5,129,102,111,83,73,65,23,31,50,70,127,128,-2.2,-3,-1.7,0.8,5.2,10.7,15.8,16.7,11.2,6,2.5,-3.4,138,251,83,40,87,77,7,26,1,40,114,146,"July",148.347826086957,2.03333333333333,267,1.43333333333333,210,-0.6
"85","ID","133877","Trillium","ovatum","Flowering",31,7,2002,212,"U.S.A.","Idaho","Bonner",750,48.293619,-116.319075,-4.1,-1.1,2.1,6.7,11.2,15.2,18.4,18,13.5,7.6,1.4,-2.5,104,75,69,51,65,57,28,40,41,56,109,111,-1.8,-1.5,-1.9,5.5,9.3,15,19.6,16.5,13.5,5,3,0.9,135,66,52,53,79,56,16,13,22,10,80,155,"July",148.347826086957,6.66666666666667,185,4.3,184,-2.36666666666667
"86","ID","152431","Trillium","ovatum","Flowering",24,7,1983,205,"U.S.A.","Idaho","Adams",1402,44.7956,-116.3608,-4.4,-2.1,0.3,5.1,9.9,14.6,19.3,18.4,13.3,7.5,1,-3.5,106,80,83,65,58,54,18,26,42,54,98,100,-1.9,0.1,3.2,4.5,10.3,13.6,17.3,19.7,12.1,7.6,2.1,-6.2,77,140,191,75,38,38,43,29,22,37,170,155,"July",148.347826086957,5.1,206,6,304,0.899999999999999
"87","EWU","3251","Trillium","ovatum","Flowering",21,4,1963,111,"U.S.A.","Idaho","Bonner",640,48.197872,-116.376935,-3.4,-0.6,2.5,7.1,11.5,15.5,18.6,17.9,13.3,7.6,1.9,-2,89,61,56,42,53,47,25,35,34,46,88,90,-7.1,2.2,3.8,7.2,12,16.1,17.9,18.8,16.5,9.8,3.5,-1.9,32,77,60,50,39,57,20,20,35,48,108,56,"April",148.347826086957,7.03333333333333,151,7.66666666666667,149,0.633333333333333
"88","CIC","39607","Trillium","ovatum","Flowering",30,4,2011,120,"U.S.A.","Idaho","Adams",1053,44.6065,-116.3791,-4.8,-1.7,2,7.3,12.2,16.6,21.5,20.3,14.8,8.7,2.2,-3.2,88,68,66,57,44,44,11,25,30,41,76,86,-3.3,-2.6,2.7,5.3,10.8,15,21.4,22.8,19.1,10,2.1,-2.9,83,79,113,69,86,34,2,2,5,81,36,22,"April",148.347826086957,7.16666666666667,167,6.26666666666667,268,-0.9
"89","RM",NA,"Trillium","ovatum","Flowering",22,6,1999,173,"U.S.A.","Idaho","Adams",1372,45.0859,-116.402,-5.1,-2.3,0.3,4.9,9.7,14.3,18.7,17.4,12.5,7.1,0.9,-3.6,95,75,81,62,57,53,21,27,38,50,92,98,-1.8,-1.5,0.8,3.8,8.2,13.6,18.1,18.6,12.9,8,4.6,-1.8,89,183,67,30,64,60,7,24,1,35,103,116,"June",148.347826086957,4.96666666666667,200,4.26666666666667,161,-0.699999999999999
"90","ID","131908","Trillium","ovatum","Flowering",11,5,2004,132,"U.S.A.","Idaho","Latah",887,46.791608,-116.425294,-3.8,-0.8,1.7,5.8,10.5,14.6,17.9,17.4,12.6,7.3,1.3,-2.6,121,91,80,61,66,52,27,30,44,54,95,120,-4,-1,4.6,7.7,10.5,15.3,19.8,18.6,12.2,8.2,1.8,0.3,165,85,51,49,140,31,14,66,48,88,90,101,"May",148.347826086957,6,207,7.6,240,1.6
"91","ID","77554","Trillium","ovatum","Flowering",9,7,1981,190,"U.S.A.","Idaho","Idaho",2073,45.465278,-116.445833,-5.9,-3.7,-2.5,1.1,5.6,10,14.6,14.4,10,4.3,-1.4,-4.8,118,90,91,69,65,63,26,32,51,63,110,123,-2,-3.3,-0.3,1.7,4.4,7.8,12.8,16,10.7,3.1,0.6,-2.4,59,119,92,51,80,113,39,8,45,95,186,131,"July",148.347826086957,1.4,225,1.93333333333333,223,0.533333333333334
"92","RM",NA,"Trillium","ovatum","Flowering",25,5,2000,146,"U.S.A.","Idaho","Adams",1463,44.9554,-116.4632,-4.8,-2.1,0,4.2,8.8,13.6,18.4,17.4,12.5,6.8,0.6,-3.6,115,88,92,65,59,53,20,27,40,55,106,114,-2.6,0.2,0.4,6.6,9.5,14.2,19,18.5,12,6.7,-3.6,-3.8,93,146,59,35,57,43,6,2,53,97,52,47,"May",148.347826086957,4.33333333333333,216,5.5,151,1.16666666666667
"93","ID","152429","Trillium","ovatum","Flowering",6,6,1973,157,"U.S.A.","Idaho","Bonner",793,48.1295,-116.5148,-4,-1,1.9,6.1,10.6,14.7,18,17.5,13,7.2,1.4,-2.5,102,78,73,56,69,59,31,42,41,59,110,117,-4.9,-0.6,2.9,5.7,11.2,14.5,18.6,17.8,13.5,7.5,0.2,-0.1,90,29,47,25,52,27,1,13,68,58,245,193,"June",148.347826086957,6.2,198,6.6,124,0.399999999999999
"94","WTU","385380","Trillium","ovatum","Flowering",30,4,2005,120,"U.S.A.","Idaho","Bonner",915,48.1731,-116.5148,-4.6,-1.5,1.5,5.7,10.2,14.1,17.6,17.1,12.6,6.8,0.9,-3.2,121,93,87,65,81,70,35,49,48,70,132,139,-3.8,-0.6,3.2,6.6,11.3,12.7,18.1,17.2,11.8,7.5,0.8,-4.5,77,5,143,41,107,89,42,21,41,103,81,131,"April",148.347826086957,5.8,233,7.03333333333333,291,1.23333333333333
"95","RM",NA,"Trillium","ovatum","Flowering",6,6,2000,158,"U.S.A.","Idaho","Adams",1372,44.7377,-116.5834,-4.4,-1.7,0.7,5.3,10,14.6,19.5,18.7,13.6,7.6,1.1,-3.2,100,75,74,55,53,50,19,25,35,45,92,95,-2.1,0.7,1.1,7.8,10.7,15.3,20.2,19.8,13.2,7.5,-3.1,-3.3,91,137,55,34,46,38,6,3,40,88,45,46,"June",148.347826086957,5.33333333333333,182,6.53333333333333,135,1.2
"96","ID","170239","Trillium","ovatum","Flowering",24,6,2011,175,"U.S.A.","Idaho","Adams",1585,44.7535,-116.6098,-4.8,-2.2,-0.2,4.2,8.8,13.4,18.4,17.7,12.8,6.7,0.3,-3.7,116,85,84,60,57,52,18,24,38,50,105,109,-3.4,-3.2,0.5,2.1,7.3,11.6,18,19.9,16.9,7.9,0.2,-3.5,109,104,142,74,119,39,3,2,6,91,52,27,"June",148.347826086957,4.26666666666667,201,3.3,335,-0.966666666666666
"97","ID","94732","Trillium","ovatum","Flowering",13,5,1987,133,"U.S.A.","Idaho","Washington",1189,44.8391,-116.6239,-4.2,-1.4,1.4,6.1,10.8,15.4,20.1,19,14,8.2,1.9,-2.8,86,68,71,53,50,49,19,23,33,44,82,88,-5.7,-0.8,2.9,9.1,13,16.2,18.8,17.6,15.9,9.2,3,-1.6,69,46,77,17,64,54,27,9,4,1,57,79,"May",148.347826086957,6.1,174,8.33333333333333,158,2.23333333333333
"98","ID","152428","Trillium","ovatum","Flowering",1,5,1929,121,"U.S.A.","Idaho","Adams",1335,45.0714,-116.6467,-4.5,-1.8,0.3,4.6,9.3,13.9,18.8,18,13.3,7.2,1,-3.2,99,76,78,56,59,50,21,24,35,47,90,98,-10,-7.7,0.4,2.6,8.9,12.5,18.5,19.8,12,7.9,-0.8,1.3,71,38,37,80,19,73,2,5,4,21,6,127,"May",148.347826086957,4.73333333333333,193,3.96666666666667,136,-0.766666666666667
"99","ID","122291","Trillium","ovatum","Flowering",29,4,2002,119,"U.S.A.","Idaho","Latah",865,46.7803,-116.6935,-3.2,0,2.6,6.7,11.1,15.2,18.6,18.2,13.7,8,2,-2,104,81,69,56,60,45,16,27,33,45,99,106,-1,-0.6,0.3,6.4,10,15.5,20.5,17,14,6,2.7,1.6,128,68,98,44,50,53,7,39,15,25,64,104,"April",148.347826086957,6.8,185,5.56666666666667,192,-1.23333333333333
"100","WTU","406449","Trillium","ovatum","Flowering",25,6,2011,176,"U.S.A.","Idaho","Adams",1450,45.05444,-116.70179,-3.9,-1.2,0.7,4.9,9.5,14.1,19.2,18.6,14,7.6,1.3,-2.6,98,80,82,60,59,50,21,25,36,50,92,103,-2.6,-2.4,1.3,2.7,8,12.2,18.6,20.7,17.9,8.7,1.2,-2.6,90,114,135,76,133,35,4,2,6,83,51,24,"June",148.347826086957,5.03333333333333,201,4,344,-1.03333333333333
"101","SRP","55266","Trillium","ovatum","Flowering",26,6,2011,177,"U.S.A.","Idaho","Adams",1481,45.05412,-116.70645,-3.9,-1.2,0.7,4.8,9.4,14,19.1,18.6,14,7.5,1.3,-2.6,102,83,84,61,60,50,21,26,36,51,95,106,-2.6,-2.4,1.2,2.6,7.9,12.1,18.5,20.7,17.9,8.7,1.2,-2.6,93,117,139,78,134,35,4,2,6,84,52,25,"June",148.347826086957,4.96666666666667,205,3.9,351,-1.06666666666667
"102","ID","135215","Trillium","ovatum","Flowering",23,4,2005,113,"U.S.A.","Idaho","Benewah",912,47.255133,-116.721583,-3.5,-0.9,1.8,5.9,10.3,14.2,17.7,17.1,12.8,7.5,1.5,-2.4,113,86,77,61,67,56,29,35,43,53,105,113,-2.6,0.1,3.5,6.7,11.4,13,18.6,17.9,12.3,8.6,0.9,-4.2,69,11,115,56,96,62,27,14,33,92,102,123,"April",148.347826086957,6,205,7.2,267,1.2
"103","SRP","55265","Trillium","ovatum","Flowering",25,6,2011,176,"U.S.A.","Idaho","Washington",2129,44.8144,-116.727517,-6.4,-4.3,-2.9,0.5,5,9.3,14.2,13.7,9.3,3.5,-1.9,-5.2,146,100,98,68,67,58,19,24,45,59,126,128,-5.1,-5.3,-2.4,-1.6,3.4,7.5,13.7,15.8,13.3,4.7,-2,-5.1,135,126,164,85,145,43,4,2,7,103,62,31,"June",148.347826086957,0.866666666666667,233,-0.2,394,-1.06666666666667
"104","WS","290495","Trillium","ovatum","Flowering",21,5,1983,141,"U.S.A.","Idaho","Latah",777,46.78333,-116.75167,-2.8,0.6,3.2,7.3,11.6,15.7,19.1,18.7,14.2,8.5,2.5,-1.6,95,75,63,53,57,42,13,25,31,43,96,98,0.6,2.7,5,6.9,11.9,14.5,16.9,19.8,11.7,8.1,2.9,-6.6,91,116,99,42,54,57,30,22,37,39,160,96,"May",148.347826086957,7.36666666666667,173,7.93333333333333,195,0.566666666666666
"105","ID","163941","Trillium","ovatum","Flowering",7,5,2011,127,"U.S.A.","Idaho","Kootenai",2130,47.407883,-116.762228,-7.2,-5,-2.2,0.6,4.9,9,13,12.3,7.6,3,-2.9,-7.6,170,138,124,94,115,78,52,54,67,87,172,186,-5.9,-7.4,-2,-2.1,3.4,6.9,11.3,13.2,10.5,3.3,-3.2,-7.1,202,169,226,142,186,52,31,15,18,94,124,67,"May",148.347826086957,1.1,333,-0.233333333333333,554,-1.33333333333333
"106","ID","142503","Trillium","ovatum","Flowering",4,5,2008,125,"U.S.A.","Idaho","Latah",854,46.765589,-116.859694,-3.1,0.1,2.9,6.9,11.1,15.1,18.5,18.2,13.8,8.4,2.4,-1.7,94,73,66,56,58,46,15,28,34,46,93,96,-3.9,0.3,1.7,5,12.6,14.6,19.7,18.7,15,9,4.4,-3.7,87,57,66,34,39,50,5,48,20,19,129,122,"May",148.347826086957,6.96666666666667,180,6.43333333333333,139,-0.533333333333332
"107","RM",NA,"Trillium","ovatum","Flowering",12,6,1999,163,"U.S.A.","Idaho","Washington",1707,44.8097,-116.8646,-4.3,-1.6,0,4.2,8.7,13.2,18.3,17.8,13.2,7.1,0.7,-3.1,105,74,75,55,59,51,18,23,36,44,90,97,-1,-0.8,0.4,3,7.2,12.7,17.7,18.9,13.7,8,4.3,-1.5,119,171,43,19,59,56,3,24,1,34,92,111,"June",148.347826086957,4.3,189,3.53333333333333,121,-0.766666666666667
"108","WTU","65918","Trillium","ovatum","Flowering",30,5,1915,150,"U.S.A.","Idaho","Latah",1372,46.80343,-116.86878,-3.6,-1.1,1,4.9,9.1,13.7,16.9,16.8,12.6,6.7,1.1,-2.9,168,140,92,77,75,47,16,28,36,56,169,173,-5.3,0.1,3.5,7.1,8.6,12.1,16.3,19.9,11.7,7.6,-0.5,-2.6,78,102,82,79,153,26,17,3,23,54,219,145,"May",148.347826086957,5,244,6.4,314,1.4
"109","ID",NA,"Trillium","ovatum","Flowering",2,5,2010,122,"U.S.A.","Idaho","Latah",1059,46.838219,-116.879511,-3.4,-0.7,1.7,5.5,9.7,14,17.3,17.1,12.9,7.3,1.5,-2.4,136,111,83,68,69,48,18,29,36,53,133,140,1.1,1.5,2,5.6,7.6,12.1,17.1,16.7,13.4,8,0.2,-1.8,118,69,70,114,86,110,8,4,47,85,128,188,"May",148.347826086957,5.63333333333333,220,5.06666666666667,270,-0.566666666666666
"110","ID","157444","Trillium","ovatum","Flowering",5,5,2010,125,"U.S.A.","Idaho","Latah",1063,46.838142,-116.879817,-3.4,-0.7,1.7,5.5,9.7,14,17.3,17.1,12.9,7.3,1.5,-2.4,136,111,83,69,69,48,18,29,36,53,134,140,1.1,1.5,2,5.6,7.6,12.1,17.1,16.7,13.3,8,0.2,-1.8,118,69,70,115,86,110,8,4,47,85,128,189,"May",148.347826086957,5.63333333333333,221,5.06666666666667,271,-0.566666666666666
"111","CIC","39023","Trillium","ovatum","Flowering",5,5,2007,125,"U.S.A.","Idaho","Latah",1017,46.8,-116.910678,-3.4,-0.5,1.9,5.9,10,14.3,17.5,17.3,13,7.6,1.7,-2.3,128,104,80,67,66,46,17,29,35,52,126,131,-3.9,0.5,4.5,6.5,11.5,14.8,20.8,17.6,13.4,7.5,1.9,-1.4,97,109,71,48,50,35,4,10,17,62,145,208,"May",148.347826086957,5.93333333333333,213,7.5,169,1.56666666666667
"112","ID","133906","Trillium","ovatum","Flowering",28,4,2005,118,"U.S.A.","Idaho","Latah",834,46.7543,-116.91115,-3,0.1,2.9,6.9,11.1,15,18.5,18.1,13.8,8.5,2.5,-1.6,90,69,67,58,59,47,19,30,35,48,89,90,-1.8,1.1,4.6,7.9,12.3,13.8,19.6,19.1,13.3,9.5,1.7,-3.1,47,9,84,59,107,42,9,9,16,73,88,97,"April",148.347826086957,6.96666666666667,184,8.26666666666667,250,1.3
"113","ID","133914","Trillium","ovatum","Flowering",28,4,2005,118,"U.S.A.","Idaho","Latah",836,46.7543,-116.91165,-3,0.1,2.9,6.9,11.1,15,18.4,18.1,13.8,8.5,2.5,-1.6,90,69,67,58,59,47,19,30,35,48,89,90,-1.8,1.1,4.6,7.9,12.3,13.8,19.6,19.1,13.3,9.5,1.7,-3.1,47,9,84,59,107,42,9,9,16,73,88,98,"April",148.347826086957,6.96666666666667,184,8.26666666666667,250,1.3
"114","ID","157753","Trillium","ovatum","Flowering",24,6,2009,175,"U.S.A.","Idaho","Boundary",1083,48.990872,-116.937683,-5.9,-2.9,0.2,4.5,8.4,12.5,16,15.9,11.3,5.1,-0.4,-4.5,119,87,81,74,96,95,54,66,73,73,154,138,-5.4,-4,-2.2,3.7,8.7,12.4,17.2,16.4,14,2,1.3,-7.4,58,51,89,57,53,42,83,49,21,135,121,92,"June",148.347826086957,4.36666666666667,251,3.4,199,-0.966666666666667
"115","ID","163967","Trillium","ovatum","Flowering",6,5,2011,126,"U.S.A.","Idaho","Latah",881,46.7915,-116.939167,-3.1,0,2.7,6.6,10.8,14.8,18.2,17.9,13.5,8.3,2.3,-1.7,101,79,70,60,60,47,19,29,34,49,100,102,-1.9,-2.2,2.9,3.9,9,12.6,16.4,18.9,16.5,8.8,1.9,-1.9,100,141,116,87,134,28,8,5,8,52,78,26,"May",148.347826086957,6.7,190,5.26666666666667,337,-1.43333333333333
"116","ID","139782","Trillium","ovatum","Flowering",30,4,2007,120,"U.S.A.","Idaho","Latah",889,46.80035,-116.951667,-3.2,-0.1,2.6,6.5,10.7,14.7,18.1,17.8,13.5,8.2,2.2,-1.8,102,81,71,60,60,47,20,29,35,49,101,104,-3.7,1,5.1,7.1,12.1,15.2,21.4,18.1,13.8,8.1,2.4,-0.9,79,82,62,43,47,35,5,10,16,58,117,163,"April",148.347826086957,6.6,191,8.1,152,1.5
"117","MONT","82051","Trillium","ovatum","Flowering",30,5,1955,150,"U.S.A.","Idaho","Bonner",853,48.595,-116.9682,-4.9,-2,1.4,6,10.3,14.4,17.7,17.2,12.7,6.6,0.6,-3.2,91,74,67,49,59,52,29,35,36,48,103,113,-3.7,-4.8,-3.2,3.2,7.9,14.3,16.8,16.1,12.7,7,-3.3,-4.5,56,73,56,97,54,67,65,1,60,117,117,173,"May",148.347826086957,5.9,175,2.63333333333333,207,-3.26666666666667
"118","ID","142230","Trillium","ovatum","Flowering",5,5,2008,126,"U.S.A.","Idaho","Latah",945,46.816667,-116.968833,-3.4,-0.4,2.2,6.1,10.3,14.4,17.7,17.4,13.1,7.9,1.8,-2.1,112,90,75,62,63,47,21,29,35,50,111,114,-4.2,-0.3,1,4.3,11.9,13.9,18.8,17.9,14.3,8.4,3.9,-4.2,109,69,74,39,42,51,6,47,18,19,146,148,"May",148.347826086957,6.2,200,5.73333333333333,155,-0.466666666666667
"119","ID","139740","Trillium","ovatum","Flowering",22,4,2007,112,"U.S.A.","Idaho","Latah",949,46.689444,-116.971667,-3,-0.1,2.4,6.5,10.8,14.8,18.4,18,13.6,8.2,2.1,-1.9,95,72,71,62,62,50,25,32,37,51,94,94,-3.6,1,4.9,7.1,12.3,15.4,21.6,18.3,14,8.1,2.3,-1,70,73,60,44,48,37,7,11,16,60,111,142,"April",148.347826086957,6.56666666666667,195,8.1,152,1.53333333333333
"120","ID","136828","Trillium","ovatum","Flowering",22,4,2006,112,"U.S.A.","Idaho","Latah",906,46.812736,-116.973361,-3.3,-0.2,2.4,6.3,10.5,14.5,17.9,17.6,13.3,8,2,-2,105,83,72,61,61,47,21,29,35,49,104,106,1.8,-1,2.4,7.3,11.9,15.7,20.9,17.9,14.6,7.9,2.9,-1.2,191,68,69,86,53,64,4,7,25,34,214,93,"April",148.347826086957,6.4,194,7.2,208,0.800000000000001
"121","ID","141977","Trillium","ovatum","Flowering",4,5,2008,125,"U.S.A.","Idaho","Latah",875,46.808517,-116.975167,-3.2,-0.1,2.6,6.5,10.7,14.7,18.1,17.8,13.4,8.2,2.2,-1.8,99,78,70,59,60,47,21,29,34,48,98,100,-4,-0.1,1.4,4.6,12.2,14.1,19.2,18.3,14.6,8.7,4.2,-3.9,96,60,69,36,40,50,7,47,18,18,129,129,"May",148.347826086957,6.6,189,6.06666666666667,145,-0.533333333333332
"122","ID","169577","Trillium","ovatum","Flowering",7,5,2011,127,"U.S.A.","Idaho","Latah",895,46.81175,-116.975178,-3.3,-0.2,2.5,6.4,10.6,14.6,18,17.7,13.3,8.1,2.1,-1.9,103,81,71,60,61,47,21,29,35,49,102,104,-2,-2.4,2.7,3.7,8.8,12.4,16.2,18.7,16.3,8.6,1.8,-2.1,103,142,119,87,134,27,9,5,8,52,80,27,"May",148.347826086957,6.5,192,5.06666666666667,340,-1.43333333333333
"123","SRP","42754","Trillium","ovatum","Flowering",14,7,2007,195,"U.S.A.","Idaho","Bonner",1101,48.605217,-116.993083,-6.1,-3.1,0.1,4.5,8.6,12.7,16.4,16.1,11.7,5.4,-0.5,-4.5,99,78,73,55,65,55,30,38,40,54,113,118,-6.3,-2.9,2.6,4.5,9.5,12.7,19.9,15.7,11.5,5.2,-0.4,-4.2,75,81,92,27,47,37,13,15,21,71,61,181,"July",148.347826086957,4.4,193,5.53333333333333,166,1.13333333333333
"124","WS","295884","Trillium","ovatum","Flowering",20,4,1985,110,"U.S.A.","Idaho","Latah",823,46.7325,-116.99917,-2.7,0.4,3.3,7.1,11.3,15.2,18.7,18.4,14.1,8.8,2.9,-1.2,83,64,64,55,57,47,24,30,35,47,83,83,-6.2,-4,1.7,8.3,12.4,15.1,21.5,17,10.9,7.1,-3.7,-6.9,14,49,51,37,52,49,4,42,82,46,68,18,"April",148.347826086957,7.23333333333333,176,7.46666666666667,140,0.233333333333333
"125","WTU","102289","Trillium","ovatum","Flowering",19,7,1933,200,"U.S.A.","Idaho","Latah",854,46.7325,-116.99917,-2.9,0.3,3.2,7,11.2,15.1,18.6,18.3,14,8.7,2.7,-1.3,87,68,65,56,57,47,24,30,35,47,87,89,-1.9,-5.6,2.6,7.2,9.3,15.7,19.9,19.2,12.2,10.6,4.5,3.6,114,68,46,23,38,39,6,17,55,97,51,236,"July",148.347826086957,7.13333333333333,178,6.36666666666667,107,-0.766666666666666
"126","ID","93913","Trillium","ovatum","Flowering",14,5,1977,134,"U.S.A.","Idaho","Bonner",823,48.5661,-117.0116,-4.8,-1.9,1.5,6.1,10.5,14.5,17.9,17.4,12.8,6.8,0.7,-3.1,92,74,68,49,58,52,29,35,36,48,103,114,-6.2,-0.3,1.6,7.7,8.9,15.7,17,18.4,11.7,6.6,-0.6,-3.6,34,29,57,9,56,30,17,50,48,31,106,176,"May",148.347826086957,6.03333333333333,175,6.06666666666667,122,0.0333333333333332
"127","EWU","3253","Trillium","ovatum","Flowering",18,5,1965,138,"U.S.A.","Washington","Spokane",1220,47.92139,-117.11306,-5.4,-2.5,0.3,4.4,8.9,13.3,17.3,17.1,12.2,6.5,-0.3,-3.9,126,89,104,78,75,63,30,41,50,55,137,162,-3.4,-2.5,-2.2,5.2,8.1,12.6,17.9,17,9.3,8.9,1.4,-2.4,152,67,13,131,54,53,20,94,37,8,115,110,"May",148.347826086957,4.53333333333333,257,3.7,198,-0.833333333333334
"128","WTU","407862","Trillium","ovatum","Flowering",21,7,2012,203,"U.S.A.","Washington","Pend_Oreille",1830,48.8061,-117.1298,-8.7,-6.8,-4.1,-0.1,3.6,7.7,11.7,11.6,7.5,1.5,-4.9,-8.2,187,149,140,107,119,99,52,65,75,102,200,191,-6.7,-6.9,-4.1,0.8,3,6.2,13.1,12.9,9.4,1.1,-3.4,-6.8,143,141,287,127,52,242,58,15,15,133,247,165,"July",148.347826086957,-0.2,366,-0.0999999999999999,466,0.0999999999999998
"129","EWU","3259","Trillium","ovatum","Flowering",2,5,1970,122,"U.S.A.","Washington","Spokane",762,47.784903,-117.148933,-3.5,-0.5,2.8,7.1,11.5,15.8,19.5,18.8,14.1,8.2,1.9,-2.1,79,59,58,43,53,47,24,29,31,37,85,92,-3.8,1.3,1.9,4.6,12,17.8,21.3,19.5,11.7,6.9,2.3,-2,171,79,41,42,25,53,23,6,26,66,76,80,"May",148.347826086957,7.13333333333333,154,6.16666666666667,108,-0.966666666666666
"130","WS","306532","Trillium","ovatum","Flowering",23,4,1988,114,"U.S.A.","Washington","Whitman",945,46.8625,-117.16583,-3.2,-0.2,2.6,6.4,10.7,14.6,18.3,17.9,13.5,8.2,2.2,-1.8,79,62,61,49,55,44,25,27,34,42,77,79,-3.5,1.5,3,8,10.9,14.5,18,17.8,13.6,12,2.9,-1.8,68,29,78,63,62,46,30,2,39,18,123,40,"April",148.347826086957,6.56666666666667,165,7.3,203,0.733333333333333
"131","WS","305962","Trillium","ovatum","Flowering",24,4,1988,115,"U.S.A.","Washington","Whitman",976,46.8625,-117.16583,-3.3,-0.3,2.5,6.3,10.6,14.5,18.2,17.8,13.4,8.1,2.1,-2,80,63,62,49,57,45,25,28,34,42,79,80,-3.6,1.4,2.8,7.9,10.8,14.4,18,17.7,13.5,11.9,2.8,-1.9,69,29,79,64,63,47,30,2,40,19,125,40,"April",148.347826086957,6.46666666666667,168,7.16666666666667,206,0.700000000000001
"132","WTU","368564","Trillium","ovatum","Flowering",10,5,2004,131,"U.S.A.","Washington","Pend_Oreille",850,48.835,-117.233333,-5.6,-2.3,1.1,5.9,10.1,14.2,17.6,17.3,12.7,6.3,0.4,-3.6,95,84,79,68,77,83,52,47,46,61,117,121,-5.9,-2.1,3.7,7.6,9.7,14.6,19,18.5,11.8,6.5,1.4,-0.9,89,47,66,50,104,68,44,104,72,79,83,100,"May",148.347826086957,5.7,224,7,220,1.3
"133","UBC","V84547","Trillium","ovatum","Flowering",6,5,1960,127,"Canada","British_Columbia",NA,701,49.08,-117.26,-4.7,-1.5,2.1,7,11.2,15.2,18.4,18.2,13.2,6.8,0.9,-3.2,71,51,50,52,65,65,42,40,39,51,76,88,-7.4,-2.8,0.5,6.7,9.7,15,21.4,16.8,13.1,7.7,0.6,-3.1,58,46,71,61,107,22,7,49,30,65,115,34,"May",148.347826086957,6.76666666666667,167,5.63333333333333,239,-1.13333333333333
"134","ID","12852","Trillium","ovatum","Flowering",30,4,1949,120,"U.S.A.","Washington","Asotin",1000,46.0829,-117.2794,-1.6,0.7,2.9,6.6,10.7,15,19.3,19,14.6,9,3.1,-0.8,39,39,45,42,47,45,25,29,27,32,54,55,-11.7,-2.1,2.9,8.3,12.6,14.2,18.4,18.6,15.1,6.2,5.2,-0.2,14,60,32,35,58,12,5,5,36,22,63,37,"April",148.347826086957,6.73333333333333,134,7.93333333333333,125,1.2
"135","UBC","V25482","Trillium","ovatum","Flowering",13,5,1950,133,"Canada","British_Columbia",NA,762,49.5,-117.283333,-3.9,-1.1,2,6.7,11.2,15,18.2,18,13,6.6,0.8,-3.2,104,69,72,55,59,69,41,47,47,68,109,114,-13.9,-2.2,0.4,5.2,9.7,14.8,18.2,17.8,14.4,6,0.2,-0.3,104,90,97,49,7,35,32,37,16,204,92,100,"May",148.347826086957,6.63333333333333,186,5.1,153,-1.53333333333333
"136","UBC","V25479","Trillium","ovatum","Flowering",18,7,1937,199,"Canada","British_Columbia",NA,1524,49.5,-117.283333,-6.9,-4.2,-1.6,2.9,7.6,11.5,14.8,15.2,10.4,3.8,-2.8,-6.4,144,109,118,71,79,78,54,56,53,110,178,185,-15.7,-7.9,-1.8,2.1,8.2,11.2,15.7,13,11.4,5.2,-2.2,-5.4,105,231,52,115,27,96,56,23,37,99,315,172,"July",148.347826086957,2.96666666666667,268,2.83333333333333,194,-0.133333333333333
"137","WS","196473","Trillium","ovatum","Flowering",30,4,1949,120,"U.S.A.","Washington","Asotin",475,46.03889,-117.29389,-0.5,2.4,5.1,8.9,13.1,17.2,21.2,20.7,16.1,10.1,4.2,0.6,28,41,47,41,40,38,16,23,26,34,54,57,-10.5,-0.4,5.1,10.6,15,16.4,20.3,20.3,16.6,7.3,6.3,1.3,10,63,33,33,50,10,3,4,33,24,63,38,"April",148.347826086957,9.03333333333333,128,10.2333333333333,116,1.2
"138","EWU","6244","Trillium","ovatum","Flowering",4,5,1996,125,"U.S.A.","Washington","Pend_Oreille",690,48.155,-117.3125,-3.8,-0.9,2.5,7.2,11.8,15.8,19.4,18.8,14,8,1.6,-2.3,66,54,48,39,46,48,24,25,27,36,78,83,-4.2,-2.9,1.7,7.6,9.6,15.1,20.2,18.7,12.5,7.1,0.8,-3.8,66,95,32,72,75,60,13,18,25,97,144,141,"May",148.347826086957,7.16666666666667,133,6.3,179,-0.866666666666667
"139","WTU","406911","Trillium","ovatum","Flowering",20,7,2012,202,"U.S.A.","Washington","Pend_Oreille",850,48.74242,-117.337,-5.3,-2,1.5,6.2,10.4,14.5,17.9,17.6,12.9,6.5,0.7,-3.4,88,75,68,57,71,74,46,45,44,55,105,112,-3.3,-2.1,1.5,7.1,9.9,13,19.3,18.9,14.8,6.2,2.3,-2,68,75,136,68,30,177,53,10,8,70,130,99,"July",148.347826086957,6.03333333333333,196,6.16666666666667,234,0.133333333333333
"140","RM",NA,"Trillium","ovatum","Flowering",1,6,1995,152,"U.S.A.","Washington","Stevens",1037,48.634,-117.5084,-6.3,-3.1,0.3,4.6,8.9,12.9,16.5,16.3,11.7,5.5,-0.5,-4.5,104,83,72,55,68,69,41,45,47,60,117,127,-4.5,-1.4,0.8,4.5,10.7,12.8,16.7,14.7,13.6,5,0.9,-3.3,152,50,143,52,35,105,46,32,59,110,131,137,"June",148.347826086957,4.6,195,5.33333333333333,230,0.733333333333333
"141","RM",NA,"Trillium","ovatum","Flowering",27,7,2002,208,"U.S.A.","Washington","Garfield",1098,46.001111,-117.601667,-1.6,0.9,3.2,7.1,11.2,15.4,19.7,19.4,14.9,9.3,3.1,-0.7,53,59,63,47,46,42,24,24,28,44,74,80,0.4,0.3,1.2,7,10.6,16.1,21.5,18.3,15.3,7.3,3.4,2.8,44,45,76,40,27,57,6,20,11,23,36,71,"July",148.347826086957,7.16666666666667,156,6.26666666666667,143,-0.900000000000001
"142","RM",NA,"Trillium","ovatum","Flowering",2,6,1996,154,"U.S.A.","Washington","Stevens",976,48.4748,-117.6166,-5.8,-2.6,1,5.6,9.9,14,17.6,17.2,12.4,6.3,0.1,-3.9,90,54,51,40,61,75,34,39,46,47,85,85,-6.2,-4.6,0.6,6,7.8,13.4,18.6,17.4,11.1,5.7,-0.4,-5.5,89,88,27,64,119,92,19,24,37,120,148,123,"June",148.347826086957,5.5,152,4.8,210,-0.7
"143","RM",NA,"Trillium","ovatum","Flowering",25,7,2002,206,"U.S.A.","Washington","Columbia",1494,46.231944,-117.637222,-2.5,-0.5,1.1,4.4,8.4,12.8,17.4,17.1,12.7,7.6,1.7,-1.8,126,105,109,71,67,46,20,25,33,63,138,150,-0.6,-1.1,-1,4.3,7.7,13.4,19.2,16,13,5.6,2.2,1.6,99,81,142,62,47,72,7,17,14,34,76,128,"July",148.347826086957,4.63333333333333,247,3.66666666666667,251,-0.966666666666667
"144","RM",NA,"Trillium","ovatum","Flowering",27,5,1996,148,"U.S.A.","Washington","Stevens",915,48.4169,-117.6599,-5.3,-2.1,1.5,6.1,10.4,14.5,18.2,17.8,13.1,6.8,0.5,-3.6,76,58,54,41,57,71,30,39,39,41,72,92,-5.8,-4.1,1.1,6.5,8.4,13.9,19.2,18,11.7,6.3,0,-5.2,77,96,30,66,110,85,16,25,32,108,126,133,"May",148.347826086957,6,152,5.33333333333333,206,-0.666666666666667
"145","UBC","V96797","Trillium","ovatum","Flowering",23,6,1962,174,"Canada","British_Columbia",NA,400,49.316667,-117.666667,-2.7,0.3,4.1,8.7,13.2,17,20,19.6,14.6,8.1,2.5,-1.7,76,54,54,49,54,56,39,41,40,47,80,93,-4.5,-0.5,1.8,9.5,12.2,16.4,19.5,17.8,15.2,9.1,4.8,1.3,45,45,58,42,73,37,21,36,37,60,87,73,"June",148.347826086957,8.66666666666667,157,7.83333333333333,173,-0.833333333333333
"146","WS","318524","Trillium","ovatum","Flowering",26,4,1981,116,"U.S.A.","Oregon","Umatilla",1372,45.97278,-118.02306,-3.3,-0.8,0.9,4.1,8.1,12.4,16.7,16.1,12,6.9,1.2,-2.3,189,122,140,98,87,59,20,34,54,82,173,177,-0.9,-0.4,1.9,4.5,7.6,10.5,15.3,17.9,12.7,6.1,2.6,-0.4,80,192,166,102,135,136,22,4,46,144,188,262,"April",148.347826086957,4.36666666666667,325,4.66666666666667,403,0.300000000000001
"147","SRP","53962","Trillium","ovatum","Flowering",4,5,2013,124,"U.S.A.","Oregon","Umatilla",1277,45.583536,-118.168144,-3.9,-1.5,0.7,3.9,7.9,12.1,16.3,15.7,11.7,6.7,0.8,-2.9,143,97,107,78,69,52,18,27,47,65,131,154,-5.3,-1.2,1.4,3.4,8.5,11.9,18.3,16.8,13.3,4.9,-0.6,-5.2,105,47,47,69,63,53,4,16,125,25,73,84,"May",148.347826086957,4.16666666666667,254,4.43333333333333,179,0.266666666666667
"148","WS","332043","Trillium","ovatum","Flowering",6,5,1983,126,"U.S.A.","Washington","Kittitas",1250,47.32444,-120.57917,-4.4,-1.9,0.7,4,7.9,12.1,16.1,15.8,12.1,5.9,-0.3,-3.8,140,97,73,45,33,26,14,17,28,44,118,149,-1.1,-0.2,2.6,4,9.7,11.4,13.9,16.5,9.9,5.4,0.2,-9.7,200,122,179,53,13,18,38,14,47,11,288,136,"May",148.347826086957,4.2,151,5.43333333333333,245,1.23333333333333
"149","WS","330649","Trillium","ovatum","Flowering",7,5,1983,127,"U.S.A.","Washington","Chelan",701,47.51067,-120.631329,-3.3,0,3.4,7.5,11.6,15.9,19.6,19.2,14.8,8.5,2,-2.4,139,96,62,36,24,21,8,14,23,50,121,150,-0.2,1.5,5.2,7.6,13.6,15.3,17.3,19.8,12.8,8.1,2.5,-7.9,208,120,141,40,9,16,28,17,39,15,274,127,"May",148.347826086957,7.5,122,8.8,190,1.3
"150","WTU","332901","Trillium","ovatum","Flowering",21,5,1950,141,"U.S.A.","Washington","Chelan",366,47.59639,-120.66028,-3.1,0.6,4.5,8.9,13.3,17.6,20.9,20.3,15.6,9.4,2.7,-2.1,88,62,41,23,18,18,7,11,16,34,80,99,-12,-2.2,2.5,6.6,12,16.7,20.7,20.6,16.5,8.3,2.3,0.3,101,75,65,22,10,31,3,4,5,103,111,92,"May",148.347826086957,8.9,82,7.03333333333333,97,-1.86666666666667
"151","WTU","409668","Trillium","ovatum","Flowering",15,5,2013,135,"U.S.A.","Washington","Kittitas",1178,47.24761,-120.72993,-3.7,-1.2,1,4.4,8.3,12.5,16.2,15.9,12.3,6.4,0.5,-2.9,166,115,79,51,30,25,13,17,30,51,132,170,-4.1,-0.3,2.2,5.2,10,13.9,18.8,18.2,14.1,5.8,0.9,-3.6,134,50,52,91,35,25,1,17,87,20,90,53,"May",148.347826086957,4.56666666666667,160,5.8,178,1.23333333333333
"152","WTU","271044","Trillium","ovatum","Flowering",10,7,1977,191,"U.S.A.","Washington","Kittitas",945,47.51304,-121.06445,-4.4,-1.8,0.3,3,7,11,14.9,14.7,11.6,5.7,-0.5,-3.8,286,217,170,91,56,35,25,34,69,139,268,315,-5.6,0.1,0.1,4.9,5.4,12.4,13.9,17.1,10,4.9,-2.1,-3.3,97,115,175,36,63,30,15,65,159,79,422,602,"July",148.347826086957,3.43333333333333,317,3.46666666666667,274,0.0333333333333332
"153","WS","327370","Trillium","ovatum","Flowering",8,7,1971,189,"U.S.A.","Washington","King",854,47.746318,-121.213875,-2.4,-0.1,1.7,4.4,7.6,11.2,14.3,14.1,11.7,6.6,1.5,-1.8,377,273,234,167,115,79,42,52,111,181,329,353,-2.3,-0.5,-1.2,3.4,8.3,9,15.4,16.4,10.3,5.7,1.7,-3,593,265,395,98,91,92,36,23,114,186,293,474,"July",148.347826086957,4.56666666666667,516,3.5,584,-1.06666666666667
"154","WTU","171125","Trillium","ovatum","Flowering",30,6,1953,181,"U.S.A.","Washington","Snohomish",1067,47.99528,-121.36083,-3.2,-0.9,0.9,3.7,7,10.7,14,13.9,11.1,5.5,0.5,-2.8,581,379,359,247,180,113,68,96,166,261,536,535,0.3,-0.9,0.9,3.3,6.5,8.5,13.5,13.2,11.4,6.6,2.5,-0.2,1367,330,210,225,189,144,39,113,203,217,450,733,"June",148.347826086957,3.86666666666667,786,3.56666666666667,624,-0.300000000000001
"155","WTU","54140","Trillium","ovatum","Flowering",27,5,1939,147,"U.S.A.","Washington","Kittitas",793,47.32944,-121.37167,-2.9,-0.6,1.2,3.9,7.6,11.7,14.9,14.9,11.9,6.8,1.3,-2.1,332,218,188,135,89,63,33,44,89,148,288,347,-0.4,-2.6,1.9,6.4,8.7,10.2,15.3,15.3,12.2,7.6,4,1.6,299,273,156,36,101,49,28,18,45,133,162,363,"May",148.347826086957,4.23333333333333,412,5.66666666666667,293,1.43333333333333
"156","UBC","V52853","Trillium","ovatum","Flowering",9,4,1950,99,"Canada","British_Columbia",NA,61,49.383333,-121.433333,0.1,2.9,5.4,8.5,12.1,15.1,17.7,17.7,14.6,9.4,4.3,0.8,238,172,124,105,73,60,49,50,85,153,245,231,-5.3,0.7,3.7,7.2,10.5,16,17.6,17.7,14.4,8.1,3.1,3.7,184,213,201,111,68,36,22,58,42,201,315,264,"April",148.347826086957,8.66666666666667,302,7.13333333333333,380,-1.53333333333333
"157","WS","334007","Trillium","ovatum","Flowering",12,5,1972,133,"U.S.A.","Washington","Skamania",366,46.75833,-121.45,-0.2,2,3.9,6.3,9.9,14.5,17.7,17.5,14.4,9.3,3.8,0.8,309,216,176,116,75,57,28,40,66,140,281,321,-1.9,0.9,3.4,3.8,10.7,14,17.6,18.3,12.3,9.3,4.6,-1.3,493,382,297,136,55,88,30,34,119,37,208,409,"May",148.347826086957,6.7,367,5.96666666666667,488,-0.733333333333334
"158","WTU","9871JWT","Trillium","ovatum","Flowering",17,7,1932,199,"U.S.A.","Washington","Snohomish",1524,48.06829,-121.47068,-2.7,-0.9,0.1,2.8,5.7,9.3,12.9,12.8,10.5,5,0.6,-2.4,672,456,458,311,247,126,80,117,191,297,693,603,-4.4,-2.8,-0.1,3.7,5.1,10.2,11.3,12.3,10.5,6,2.3,-3.5,608,683,775,357,110,29,145,73,80,317,1184,623,"July",148.347826086957,2.86666666666667,1016,2.9,1242,0.0333333333333332
"159","WTU","291509","Trillium","ovatum","Flowering",18,5,1940,139,"U.S.A.","Washington","Snohomish",915,48.065098,-121.507456,-1.7,0.5,2.2,5.6,8.7,12.2,15.3,15.1,12.3,7.2,2,-1.2,569,400,400,268,220,131,84,100,207,326,605,509,-0.3,1.5,4.2,7.3,10.1,13.1,15.4,14.9,13.8,9.3,0.8,0,262,510,421,263,219,30,82,59,174,552,427,305,"May",148.347826086957,5.5,888,7.2,903,1.7
"160","UBC","V236239","Trillium","ovatum","Flowering",5,7,2010,186,"Canada","British_Columbia",NA,965,49.12067,-121.66282,-1.7,0.2,1.8,4.6,8.2,11.4,14.3,14.6,11.5,6.7,1.6,-1.3,248,181,138,113,96,82,68,73,102,161,245,267,2.7,2.8,3.6,4.9,7.2,10.3,14.6,14.9,11.6,7.9,0.4,-0.2,292,179,163,117,173,92,9,60,240,117,215,268,"July",148.347826086957,4.86666666666667,347,5.23333333333333,453,0.366666666666667
"161","OSC",NA,"Trillium","ovatum","Flowering",6,5,1960,127,"U.S.A.","Oregon","Jefferson",1158,44.531,-121.7057,-0.9,0.9,2.6,4.9,8.8,13.1,16.6,16.3,13,7.9,2.6,-0.4,174,117,114,68,53,43,14,24,39,82,171,180,-2.7,0.2,2.7,4.9,6.9,13.5,17.9,14.7,13.5,8.9,3,0.5,104,132,217,93,79,10,4,30,10,60,316,81,"May",148.347826086957,5.43333333333333,235,4.83333333333333,389,-0.600000000000001
"162","WTU","351695","Trillium","ovatum","Flowering",26,5,2001,146,"U.S.A.","Washington","King",793,47.4243,-121.7938,-0.3,1.5,2.8,5.2,8.5,11.9,14.5,14.5,12.4,8.1,3.5,0.4,410,283,291,226,170,137,79,84,154,231,397,401,0.9,0.1,2.8,4.5,8.9,10.1,13.5,14.5,12.4,7.4,4.4,1.2,207,132,292,245,190,221,77,99,59,304,487,435,"May",148.347826086957,5.5,687,5.4,727,-0.100000000000001
"163","WS","334055","Trillium","ovatum","Flowering",5,5,1989,125,"U.S.A.","Washington","Skamania",701,45.758304,-121.836829,-0.6,1.9,4.3,7,11,14.9,18,17.8,14.9,9.6,3.8,0.4,427,346,279,173,89,60,21,42,85,188,400,441,0.8,-3,3.3,9.3,11.4,15.9,16.8,16.8,16.1,9.4,5.5,1.2,390,186,406,148,94,37,22,65,38,119,279,220,"May",148.347826086957,7.43333333333333,541,8,648,0.566666666666666
"164","ID","163472","Trillium","ovatum","Flowering",26,5,2001,146,"U.S.A.","Washington","King",305,47.3925,-121.868889,2.1,4,5.4,7.8,11.1,14.2,16.5,16.6,14,10.1,5.7,3,242,184,178,145,111,95,53,58,96,143,243,242,3.3,2.6,5.4,7.1,11.5,12.4,15.5,16.5,14,9.4,6.6,3.9,122,86,176,160,122,160,49,73,38,182,306,259,"May",148.347826086957,8.1,434,8,458,-0.0999999999999996
"165","WS","334101","Trillium","ovatum","Flowering",5,5,1989,125,"U.S.A.","Washington","Skamania",854,46.03083,-121.91417,-0.7,1.4,2.9,4.8,8.4,12.3,15.4,15.7,12.9,8,2.9,0,429,317,272,173,116,76,31,56,101,192,384,418,0.3,-3.2,1.8,7,8.8,13.2,14.2,14.5,14.3,7.7,4.3,1.2,394,157,392,141,120,47,32,77,40,120,347,213,"May",148.347826086957,5.36666666666667,561,5.86666666666667,653,0.5
"166","HPSU","13195","Trillium","ovatum","Flowering",4,5,2007,124,"U.S.A.","Oregon","Hood_River",15,45.636589,-121.919442,2.3,4.7,6.9,9.6,12.8,16.3,18.7,18.7,16.1,11.5,6.7,3.4,308,239,206,144,88,65,23,37,82,149,302,356,1,4.5,8.1,9.6,13.4,15.8,20.3,18.3,15.3,10.5,5.7,3.5,207,240,177,106,43,40,27,28,56,224,274,486,"May",148.347826086957,9.76666666666667,438,10.3666666666667,326,0.6
"167","WTU","353637","Trillium","ovatum","Flowering",29,4,2003,119,"U.S.A.","Washington","Skagit",267,48.344722,-122.0675,2.2,4.1,5.2,8.1,11.2,14.3,16.7,16.8,14.4,9.8,5.7,3,239,182,179,163,129,82,55,60,124,160,257,269,6,3.7,5.7,8.1,11,15.5,18.3,17.6,15.6,11.2,3.9,4.2,261,107,237,201,82,21,11,13,73,319,278,183,"April",148.347826086957,8.16666666666667,471,8.26666666666667,520,0.100000000000001
"168","OSC",NA,"Trillium","ovatum","Flowering",2,6,2009,153,"U.S.A.","Oregon","Linn",1250,44.5745,-122.1227,0.1,1.5,2.3,4.2,7.4,11.5,14.8,15,12.4,7.9,2.9,1.2,396,278,256,175,131,92,28,42,94,184,374,384,0.2,0.6,1.2,4.6,9.1,12.4,17.5,15.7,14,6,3,-1.4,260,212,311,203,189,94,8,19,53,276,341,268,"June",148.347826086957,4.63333333333333,562,4.96666666666667,703,0.333333333333332
"169","HJAEF","281","Trillium","ovatum","Flowering",21,6,1977,172,"U.S.A.","Oregon","Linn",1524,44.27953,-122.1436,0.4,1.3,1.8,3.9,6.7,11.1,14.1,14.7,12.1,7.8,1.9,1.1,376,255,254,164,137,101,39,42,111,181,362,358,-0.3,2.9,0.5,5.1,4.2,12.2,13.3,16.3,10.9,8,1.4,3.4,94,77,284,69,262,36,15,82,156,106,500,596,"June",148.347826086957,4.13333333333333,555,3.26666666666667,615,-0.866666666666667
"170","WS","303813","Trillium","ovatum","Flowering",2,4,1989,92,"U.S.A.","Washington","King",130,47.75444,-122.16222,3.4,5.2,6.7,9,12.3,15.3,17.4,17.4,15,11,6.7,4.1,158,109,115,80,68,55,31,39,61,91,159,161,3.5,0.8,4.3,10.6,12.5,16.6,16.9,17.1,16,10.8,7.8,5.7,137,90,166,48,91,35,17,39,11,105,156,109,"April",148.347826086957,9.33333333333333,263,9.13333333333333,305,-0.200000000000001
"171","WWB","15646","Trillium","ovatum","Flowering",11,4,1970,101,"U.S.A.","Washington","Snohomish",110,48.05194,-122.17583,3.2,5.1,6.6,8.7,11.9,14.8,16.9,16.9,14.5,10.7,6.6,4.1,151,112,114,92,78,61,37,43,68,98,163,162,3.2,6.3,6.4,7.4,11.4,15.6,17,16.2,12.9,9.3,6.5,3.3,181,61,68,118,53,23,35,14,91,121,135,171,"April",148.347826086957,9.06666666666667,284,8.4,239,-0.666666666666666
"172","UBC","V227004","Trillium","ovatum","Flowering",12,6,1998,163,"Canada","British_Columbia",NA,900,49.066667,-122.2,-1.7,0.3,1.7,4.6,8.3,11.3,14.2,14.7,11.9,7.2,1.6,-1.2,353,269,237,206,163,112,78,98,141,274,389,370,-1,2.5,3.1,5.7,9.6,12.4,16.3,16,13.6,7.9,3.2,-1,423,149,306,93,221,93,77,16,33,308,561,520,"June",148.347826086957,4.86666666666667,606,6.13333333333333,620,1.26666666666667
"173","WWB","3854","Trillium","ovatum","Flowering",12,7,1962,193,"U.S.A.","Washington","Skagit",100,48.609,-122.2355,2.3,4.3,6,8.7,11.8,14.7,16.6,16.7,14.2,10.1,6,3.2,185,144,125,116,82,59,48,53,79,128,205,191,1.9,4.9,4.1,9.3,10.2,14,15.9,15.9,14.3,10.7,7.4,4.7,172,77,128,108,83,42,18,134,91,98,232,166,"July",148.347826086957,8.83333333333333,323,7.86666666666667,319,-0.966666666666667
"174","HPSU","14025","Trillium","ovatum","Flowering",10,5,2005,130,"U.S.A.","Oregon","Clark",350,45.653702,-122.2569,1.9,4.2,6,8.5,11.8,15.1,17.5,17.6,15.2,11,6,2.7,365,284,259,201,145,113,39,63,127,193,365,398,2.6,3.7,7.2,8.9,13.1,14,18.5,18.7,14.5,11.6,4.4,1.9,149,78,247,251,247,168,30,42,89,229,349,443,"May",148.347826086957,8.76666666666667,605,9.73333333333333,745,0.966666666666667
"175","WTU","399195","Trillium","ovatum","Flowering",9,7,1988,191,"U.S.A.","Washington","Snohomish",90,48.187751,-122.262495,3.4,5.2,6.6,8.9,12,14.8,16.6,16.6,14.3,10.8,6.8,4.3,132,101,99,86,72,55,38,41,62,88,143,143,3.5,5.5,6.5,9.2,12,14.1,16.3,16.8,14.1,12.1,7.8,5.5,78,43,144,107,108,53,31,13,54,89,183,111,"July",148.347826086957,9.16666666666667,257,9.23333333333333,359,0.0666666666666664
"176","WS","301890","Trillium","ovatum","Flowering",8,4,1985,98,"U.S.A.","Washington","Skagit",30,48.449,-122.5191,3.7,5.4,6.6,8.9,11.9,14.7,16.4,16.3,14.1,10.5,6.8,4.6,96,67,62,55,47,39,27,29,44,64,104,100,2.1,3.8,5.7,9.1,12.4,15,18.3,16.6,13.5,10.5,1.9,2.6,15,54,42,49,43,43,3,20,45,150,92,17,"April",148.347826086957,9.13333333333333,164,9.06666666666667,134,-0.0666666666666647
"177","HPSU","12014","Trillium","ovatum","Flowering",26,3,2006,85,"U.S.A.","Oregon","Clackamas",47,45.381833,-122.630167,4.2,6.5,8.2,10.5,13.7,17,19.4,19.4,17,12.5,7.8,4.9,170,126,117,76,60,40,21,29,50,85,160,185,7,5.5,7.3,11.4,14.8,18.4,20.8,19.5,17.7,11.9,8.1,4.7,321,76,96,51,61,30,11,4,23,39,348,173,"March",148.347826086957,10.8,253,11.1666666666667,208,0.366666666666667
"178","WS","305929","Trillium","ovatum","Flowering",2,4,1989,92,"U.S.A.","Oregon","Clackamas",30,45.41056,-122.66611,4.2,6.5,8.2,10.4,13.6,16.9,19.3,19.3,16.9,12.4,7.8,4.8,174,127,120,77,62,41,20,30,50,86,165,187,5.6,2.3,7.6,13,14.4,18.2,18.6,18.7,18,12.5,9,5.1,147,78,197,53,58,28,21,32,26,68,92,59,"April",148.347826086957,10.7333333333333,259,11.6666666666667,308,0.933333333333332
"179","HPSU","14208","Trillium","ovatum","Flowering",6,4,2008,97,"U.S.A.","Oregon","Multnomah",95,45.487417,-122.683389,4,6.3,8.1,10.3,13.5,16.8,19.1,19.3,16.9,12.4,7.7,4.7,169,129,117,74,59,39,20,29,50,86,164,181,3.1,6.6,6.6,8.7,14.2,15.7,19.3,19.7,17.6,11.8,9.1,3,172,85,124,67,39,28,6,49,10,58,140,119,"April",148.347826086957,10.6333333333333,250,9.83333333333333,230,-0.799999999999999
"180","OSC",NA,"Trillium","ovatum","Flowering",6,7,1957,187,"U.S.A.","Oregon","Jackson",1889,42.0836,-122.6994,-1,0,1,2.9,7.1,11.3,16.2,16.2,13.2,8.3,2.7,0.2,141,105,101,57,46,29,9,23,32,55,128,158,-4,0.2,1.1,3.2,7.8,11.9,14.8,14,14.4,6,1,0.7,95,157,256,26,56,3,3,2,45,75,125,196,"July",148.347826086957,3.66666666666667,204,4.03333333333333,338,0.366666666666668
"181","WTU","410829","Trillium","ovatum","Flowering",9,5,2015,129,"U.S.A.","Washington","Lewis",137,46.58052,-122.71941,3.3,5.2,6.8,9.2,12.3,15.5,17.6,17.8,15.1,10.8,6.5,3.9,185,136,134,97,69,57,27,38,61,103,179,184,5.6,8,9.1,9.9,14.3,19,20.5,19.4,15,13.3,5.7,5.3,136,131,159,63,23,9,12,67,29,152,232,354,"May",148.347826086957,9.43333333333333,300,11.1,245,1.66666666666667
"182","WTU","353844","Trillium","ovatum","Flowering",3,5,2003,123,"U.S.A.","Washington","Kitsap",12,47.651694,-122.780556,4,5.9,7.1,9.5,12.7,15.8,17.8,17.9,15.4,11.3,7.1,4.7,166,128,121,72,49,39,21,28,51,90,168,193,7.4,5.2,7.8,9.4,12.4,17,19,18.3,16.4,12.5,5.8,5.4,186,63,172,98,25,8,3,8,38,165,175,138,"May",148.347826086957,9.76666666666667,242,9.86666666666667,295,0.0999999999999996
"183","WTU","315499","Trillium","ovatum","Flowering",2,4,1978,92,"U.S.A.","Washington","Cowlitz",30,46.15249,-122.9975,4,6.1,7.4,9.7,12.6,15.7,17.7,17.9,15.6,11.6,7.3,4.8,169,127,118,79,58,45,23,34,54,86,158,179,5.4,7.2,8.9,10,12,17.1,18.2,17.8,14.9,12.3,4.2,2.7,117,92,61,100,75,52,47,62,110,36,118,93,"April",148.347826086957,9.9,255,10.3,236,0.399999999999999
"184","WTU","391220","Trillium","ovatum","Flowering",25,4,2008,116,"U.S.A.","Washington","Thurston",35,46.87466,-123.03014,3.6,5.3,6.7,9.1,12.3,15.5,17.6,17.7,14.9,10.8,6.7,4.3,191,144,130,82,54,44,23,32,59,102,194,197,2.5,5.5,5.2,7.4,13.1,14.3,17.4,18,15.2,10.6,8.8,2.7,158,105,142,58,28,43,9,49,9,69,208,148,"April",148.347826086957,9.36666666666667,266,8.56666666666667,228,-0.799999999999999
"185","UBC","V207595","Trillium","ovatum","Flowering",11,5,1993,131,"Canada","British_Columbia",NA,200,49.366667,-123.05,2.4,4.4,5.8,8.4,11.8,14.6,17.1,17.3,14.5,10,5.4,2.7,265,226,184,137,104,81,61,74,108,209,313,304,-0.9,3,7,9.4,14.5,15.1,16.2,17.6,15.1,11.5,4,5.5,189,20,190,226,168,137,60,40,10,135,132,278,"May",148.347826086957,8.66666666666667,425,10.3,584,1.63333333333333
"186","UBC","V220308","Trillium","ovatum","Flowering",30,4,1950,120,"Canada","British_Columbia",NA,30,49.25,-123.116667,3,5,6.7,9.2,12.6,15.4,17.5,17.6,14.8,10.5,6,3.4,173,148,125,88,69,53,40,49,70,138,206,201,-0.7,3.7,5.4,8.2,10.9,16.1,17.6,17.5,14.6,9.7,5.2,6.2,157,231,195,93,39,49,38,75,37,217,140,225,"April",148.347826086957,9.5,282,8.16666666666667,327,-1.33333333333333
"187","UBC","V25470","Trillium","ovatum","Flowering",23,4,1921,113,"Canada","British_Columbia",NA,80,49.216667,-123.15,2.9,4.8,6.5,9,12.4,15.2,17.5,17.6,14.7,10.4,5.9,3.3,172,147,124,88,69,52,40,49,71,138,207,202,3.5,4.9,5.4,7.6,11.3,15.2,16.2,17.1,13.7,10.5,5.7,1.6,188,158,86,65,53,76,5,68,142,295,221,131,"April",148.347826086957,9.3,281,8.1,204,-1.2
"188","UBC","V44393","Trillium","ovatum","Flowering",17,5,1950,137,"Canada","British_Columbia",NA,55,48.45,-123.316667,4,5.4,6.6,8.7,11.7,14.5,16.3,16.5,14.1,10.1,6.5,4.3,130,97,66,46,34,27,17,24,35,72,136,137,-0.1,3.8,5.2,7.7,10.1,14.9,16.3,16,13.5,9,6.1,6.5,117,138,123,48,20,11,27,47,14,129,122,127,"May",148.347826086957,9,146,7.66666666666667,191,-1.33333333333333
"189","LINF","3997","Trillium","ovatum","Flowering",1,4,2004,92,"U.S.A.","Oregon","Yamhill",225,45.25262,-123.33981,3,5.1,6.4,8.5,11.5,14.9,17.4,18,15.7,11.2,6.5,3.6,304,237,219,115,71,39,17,24,64,124,296,343,3.5,5.8,8.4,10.6,13,16.3,19.2,19.6,15.6,11.8,6.2,5.1,362,189,70,41,59,12,1,66,73,119,81,194,"April",148.347826086957,8.8,405,10.6666666666667,170,1.86666666666667
"190","OSC",NA,"Trillium","ovatum","Flowering",10,4,1965,100,"U.S.A.","Oregon","Benton",175,44.6531,-123.3939,3.8,5.8,7,9,11.9,15.5,17.8,18.1,16,11.7,7.1,4.5,279,218,206,106,65,36,14,23,46,116,256,334,4.1,5.8,7.5,9.7,10.8,14.5,18.2,18.5,15.4,12.9,8.7,3.6,469,78,31,104,41,14,9,22,4,76,298,359,"April",148.347826086957,9.3,377,9.33333333333333,176,0.033333333333335
"191","OSC",NA,"Trillium","ovatum","Flowering",12,4,1985,102,"U.S.A.","Oregon","Yamhill",552,45.2955,-123.4118,1.8,3.7,4.8,6.8,10,13.4,16.1,16.6,14.7,10,5.2,2.5,397,306,287,154,90,54,22,32,85,174,394,438,0.2,1.8,3.2,7.6,10.3,13.4,17.7,16.3,13.2,9,1.1,-0.2,24,213,274,68,32,105,7,19,100,218,304,151,"April",148.347826086957,7.2,531,7.03333333333333,374,-0.166666666666666
"192","UBC","V765765","Trillium","ovatum","Flowering",1,5,1955,121,"Canada","British_Columbia",NA,50,48.9,-123.55,3,4.6,6.1,8.5,11.8,14.8,17,17.1,14.3,9.9,5.7,3.5,151,116,93,55,45,35,23,34,45,94,156,171,3.7,2.9,3.3,6.8,10,13.8,15.3,16.1,13.8,9.6,2.9,2.1,73,85,86,47,32,58,36,3,21,124,226,158,"May",148.347826086957,8.8,193,6.7,165,-2.1
"193","UBC","V58534","Trillium","ovatum","Flowering",4,5,1949,124,"Canada","British_Columbia",NA,35,48.8,-123.666667,3.1,4.7,6.2,8.7,12,15.1,17.4,17.5,14.5,10,5.9,3.5,182,137,113,58,44,32,21,31,43,104,188,209,-1,1.7,5.9,8.6,12.9,14.4,16.7,16.4,15.2,8.2,8.6,2.1,34,240,87,48,20,29,25,28,24,71,250,208,"May",148.347826086957,8.96666666666667,215,9.13333333333333,155,0.166666666666666
"194","WTU","25183JWT","Trillium","ovatum","Flowering",9,5,1931,129,"U.S.A.","Washington","Grays_Harbor",915,47.48889,-123.74556,0.5,2.3,2.9,4.8,8,11.2,14.1,14.5,13,8.5,3.8,1.6,628,564,498,292,205,113,83,96,194,420,691,720,2.6,2,3.1,6.1,9,11.1,14.7,13.7,12.1,7.8,2.1,0.7,742,575,650,271,129,330,13,20,341,483,634,778,"May",148.347826086957,5.23333333333333,995,6.06666666666667,1050,0.833333333333333
"195","SRP","42760","Trillium","ovatum","Flowering",31,3,2006,90,"U.S.A.","Oregon","Lincoln",122,45.033333,-123.8,4.1,5.9,6.9,8.2,10.6,13.3,15.1,15.6,14.5,11.2,7.2,4.6,409,316,314,181,123,83,44,45,100,197,408,459,6.2,5.4,6.2,8.7,11.4,14.4,15.9,14.8,14.5,10.4,7.2,4.9,636,156,292,105,89,52,24,3,48,57,752,417,"March",148.347826086957,8.56666666666667,618,8.76666666666667,486,0.199999999999999
"196","WTU","357598","Trillium","ovatum","Flowering",31,5,2003,151,"U.S.A.","Washington","Pacific",61,46.381944,-123.877056,4.2,5.9,6.8,8.4,11.1,13.7,15.4,15.7,14.3,11,7.2,4.8,357,289,260,167,116,84,47,56,105,207,347,369,7.7,5.9,8,8.5,11.2,14.7,16.4,16.1,15.1,12.5,6.1,5.6,406,164,475,218,69,27,14,12,77,286,353,318,"May",148.347826086957,8.76666666666667,543,9.23333333333333,762,0.466666666666667
"197","EWU","3260","Trillium","ovatum","Flowering",21,3,1979,80,"U.S.A.","Oregon","Clatsop",91,45.94167,-123.95556,4.4,6.1,7,8.5,11,13.5,15.2,15.4,14.3,11.2,7.6,5.1,306,264,244,154,106,79,43,45,90,177,314,341,0.8,4.8,8.1,9.1,11.5,13.2,16.2,15.8,16,12.7,7.4,7.6,112,414,156,141,122,55,39,36,112,270,231,417,"March",148.347826086957,8.83333333333333,504,9.56666666666667,419,0.733333333333333
"198","UBC","V134607","Trillium","ovatum","Flowering",2,5,1961,122,"Canada","British_Columbia",NA,183,48.8,-124.1,1.8,3.3,4.8,7.5,11,14.3,16.9,17.3,14.1,9.3,4.6,2,294,263,217,118,76,50,37,50,75,213,338,358,3.7,4.5,5.1,7.4,11.2,15.7,18.2,18.8,13.3,8.4,3.5,1.9,439,532,257,133,53,32,31,58,40,222,267,340,"May",148.347826086957,7.76666666666667,411,7.9,443,0.133333333333333
"199","UBC","V75093","Trillium","ovatum","Flowering",11,6,1956,163,"Canada","British_Columbia",NA,207,49.083333,-124.15,1.1,2.7,4.4,7,10.5,13.8,16.4,16.6,13.4,8.5,3.9,1.5,238,191,150,77,60,42,26,42,57,133,228,259,0.9,-0.1,2.6,7.8,12.2,12.3,17,16.5,12.8,7.5,3.1,2.1,242,115,210,7,16,99,10,38,106,225,68,258,"June",148.347826086957,7.3,287,7.53333333333333,233,0.233333333333334
"200","UBC","V44394","Trillium","ovatum","Flowering",24,5,1950,144,"Canada","British_Columbia",NA,225,48.816667,-124.166667,1.6,3,4.6,7.2,10.7,14.1,16.7,17,13.9,9.1,4.4,1.9,307,265,219,123,77,51,37,50,78,216,343,365,-4.3,1.7,3.2,5.7,8.8,14.3,16.7,16.3,13.4,7.7,3.8,4.2,300,430,390,189,61,17,56,100,39,385,309,407,"May",148.347826086957,7.5,419,5.9,640,-1.6
"201","WTU","28716","Trillium","ovatum","Flowering",1,4,1924,92,"U.S.A.","Washington","Jefferson",61,47.814011,-124.176698,3.5,5.2,6,8,11,13.8,15.6,16,14.6,10.7,6.5,4.3,423,372,322,206,147,86,63,73,136,313,464,494,3.5,5.9,4.9,6.6,11.9,12.9,14.8,14.6,13.5,10,5.8,2.6,426,586,104,149,34,58,28,55,220,614,387,512,"April",148.347826086957,8.33333333333333,675,7.8,287,-0.533333333333334
"202","UBC","V236175","Trillium","ovatum","Flowering",8,6,2011,159,"Canada","British_Columbia",NA,193,48.82745,-124.20272,1.7,3.2,4.8,7.4,10.9,14.2,16.8,17.2,14.1,9.3,4.6,2,306,266,214,122,78,51,37,50,78,213,347,358,2.9,0.8,4.4,5.4,9.6,13.8,15.8,17.1,15.2,9,3.7,3,356,201,295,139,103,36,37,41,81,194,400,201,"June",148.347826086957,7.7,414,6.46666666666667,537,-1.23333333333333
"203","SOC","23983","Trillium","ovatum","Flowering",10,4,2013,100,"U.S.A.","Oregon","Curry",296,42.235222,-124.361944,6.3,7.7,8.5,9.7,12.5,15.5,17.5,17.4,17.2,13.6,9.2,7.1,376,305,316,172,119,62,12,36,79,195,408,422,4.5,5.9,7.7,9.8,13.4,16.6,17.3,18.2,18.7,11.8,8.3,4,214,161,149,175,93,56,1,16,221,27,126,92,"April",148.347826086957,10.2333333333333,607,10.3,417,0.0666666666666664
"204","UBC","V75106","Trillium","ovatum","Flowering",23,6,1956,175,"Canada","British_Columbia",NA,448,49.077222,-124.399167,0.5,1.9,3.3,5.9,9.5,12.9,15.6,15.9,12.9,7.9,3.1,0.8,289,298,216,127,70,51,36,54,79,220,369,355,0.3,-1,1.5,6.8,11.1,11.3,16.2,15.8,12.2,6.8,2.4,1.4,325,196,302,12,20,120,14,41,148,349,114,362,"June",148.347826086957,6.23333333333333,413,6.46666666666667,334,0.233333333333333
"205","UBC","V103411","Trillium","ovatum","Flowering",14,5,1961,134,"Canada","British_Columbia",NA,24,49.183333,-124.4,1.9,3.4,5.2,7.9,11.4,14.8,17.1,16.9,13.7,8.9,4.3,2.2,150,86,106,41,28,29,21,28,35,101,130,155,3.8,4.6,5.7,8,11.8,16.3,18.4,18.6,13,8,3.2,2.1,232,178,145,48,28,27,17,29,22,102,105,146,"May",148.347826086957,8.16666666666667,175,8.5,221,0.333333333333334
"206","UBC","V206841","Trillium","ovatum","Flowering",19,5,1991,139,"Canada","British_Columbia",NA,99,49.316667,-124.45,2.1,3.6,5.1,7.6,11.1,14.6,16.8,16.8,13.6,8.9,4.7,2.4,168,136,109,59,47,39,29,35,50,124,183,197,1.3,6.1,4.1,8,11.5,13.8,16.8,17,14.6,8.4,5.9,4.2,112,201,72,66,33,50,31,99,5,32,202,163,"May",148.347826086957,7.93333333333333,215,7.86666666666667,171,-0.0666666666666655
"207","UBC","V236193","Trillium","ovatum","Flowering",19,7,2011,200,"Canada","British_Columbia",NA,256,50.04487,-125.50128,0.1,1.9,3.6,6.8,10.5,13.7,16.2,16.3,13,8.1,3.2,0.5,200,163,136,82,69,61,46,55,73,189,234,233,1.2,-0.3,3.2,5.2,9.9,13.7,15.6,16.4,13.7,7.7,2.5,2.3,222,162,186,88,83,55,70,46,110,155,298,169,"July",148.347826086957,6.96666666666667,287,6.1,357,-0.866666666666665
